date,rakuya_purchases,criteo_action,criteo_spend,criteo_session,rtbhouse_spend,rtbhouse_action,rtbhouse_sessions,rakuya_fb_dpa_advance_allzone_ASC_Campaign2_action,rakuya_fb_dpa_advance_allzone2_action,rakuya_fb_dpa_advance_allzone_ASC_Campaign2_spend,rakuya_fb_dpa_advance_allzone2_spend,South_15_KSC_spend,South_15_KSC_advance,middle_8_TCC_spend,middle_8_TCC_advance,South_14_TNC_spend,South_14_TNC_advance,North_2_NTPC_spend,North_2_NTPC_advance,middle-9-CHQ-spend,middle-9-CHQ-advance,North-0-TPC-spend,North-0-TPC-advance,South-12-CYC-spend,South-12-CYC-advance,South-13-CYQ-spend,South-13-CYQ-advance,middle-7-MLQ-spend,middle-7-MLQ-advance,middle-10-NTQ-spend,middle-10-NTQ-advance,middle-11-YLQ-spend,middle-11-YLQ-advance,South-17-PTQ-spend,South-17-PTQ-advance,North-6-HSQ-spend,North-6-HSQ-advance,North-3-ILQ-spend,North-3-ILQ-advance,North-1-KLC-spend,North-1-KLC-advance,East-18-TTQ-spend,East-18-TTQ-advance,North-8-HCC-spend,North-8-HCC-advance,East-18-HLQ-spend,East-18-HLQ-advance,middle-20-KMQ-spend,middle-20-KMQ-advance,North-4-TYC-spend,North-4-TYC-advance,South-8-PHQ-spend,South-8-PHQ-advance
2026-01-01,314,0,0,0,"4,621.55",20,8273,82,25,15086,2959,1000.231535,0,1340.575016,1,886.50292,6,1159.384115,4,472.334274,1,517.466459,1,191.416501,0,200.789381,1,272.772161,1,17863.35326,39,17626.755,67,17368.02223,69,15211.85511,53,11932.95484,39,11631.97408,32,11276.76095,29,10172.10316,16,7548.777919,17,5120.460196,4,53985.01291,191,5038.579881,9
2026-01-02,314,0,0,0,"4,091.38",12,8230,57,14,14580,3150,868.316147,4,973.462954,0,833.233986,2,890.569174,4,478.091274,2,468.726493,0,194.350484,0,193.287568,0,211.507817,1,208.292811,1,335.157695,0,167.591162,1,188.719635,0,60.607901,1,66.119394,0,113.938461,0,80.095689,0,105.075317,0,24.434099,0,706.031369,0,45.401915,0
2026-01-03,332,0,0,0,"4,518.64",16,8230,97,17,15506,3555,908.263962,4,929.695573,4,880.007544,1,847.546803,6,459.085954,0,451.154427,0,202.850404,0,138.248769,0,199.180708,0,229.034983,1,255.012452,0,185.296322,0,185.527862,0,91.253607,3,96.46534,0,94.301933,0,82.893733,0,92.358435,0,56.539089,0,693.472325,0,46.98677,0
2026-01-04,293,0,0,0,"4,165.38",15,8203,77,20,15973,2857,939.633372,3,948.545414,1,945.877942,4,865.17995,2,461.525308,2,461.904369,0,206.157802,0,259.945682,0,203.629432,0,267.943911,1,302.344978,2,186.57156,2,191.05877,0,83.170544,2,96.633605,2,94.764315,0,87.318892,0,98.623622,0,41.654747,0,663.146813,0,49.79,0
2026-01-05,298,0,0,0,"4,273.28",12,8198,61,15,14690,3147,968.728626,0,768.277628,2,915.989692,1,768.853099,1,423.08171,2,388.839536,0,193.724069,3,178.381713,1,166.314166,0,205.219978,0,300.442303,0,208.480815,0,192.315719,1,86.068819,1,113.288231,0,106.7791,0,100.885506,0,76.721263,0,50.339224,0,642.226476,1,48.064256,0
2026-01-06,313,0,0,0,"4,435.21",20,8191,86,20,14308,3229,944.800083,3,700.645666,0,937.566687,2,730.109883,0,414.741517,0,376.537549,0,190.239762,0,212.56659,1,186.940599,1,191.458245,0,262.679169,0,166.176525,0,165.946728,0,72.156452,0,92.483687,0,86.439301,0,82.474708,0,85.126429,0,34.913912,0,647.772999,1,33.4,0
2026-01-07,269,0,0,0,"4,297.70",30,8185,60,10,14539,3117,904.959409,0,1060.791277,1,887.602305,1,893.212884,0,475.74748,1,418.023145,0,182.280412,2,191.661359,0,169.960853,0,229.448749,0,310.430058,0,174.708193,0,253.208749,0,81.210652,0,88.573597,0,97.275903,0,74.223045,0,111.342603,0,40.494187,0,602.596044,0,69.002176,0
2026-01-08,248,0,0,0,"4,292.37",14,8148,68,11,15444,3137,901.867698,0,795.063338,9,883.357815,3,824.825488,2,538.616231,2,485.339269,0,204.277365,0,202.35939,4,204.308788,0,224.6057,0,249.061159,0,181.958788,0,182.210077,1,81.66149,0,88.914502,0,82.432693,0,85.045424,0,82.892674,0,25.763842,0,623.866261,0,39.485089,0
2026-01-09,277,0,0,0,"4,237.12",12,8120,58,11,14414,2906,774.203761,0,794.381968,2,729.805538,1,847.884775,0,457.799743,1,531.891892,0,219.249854,0,236.662789,1,309.398379,0,183.897291,0,241.611271,0,138.965555,1,117.361834,0,114.379985,0,73.368208,0,86.116292,0,66.975175,0,95.733683,0,27.724767,0,618.044205,0,43.032044,0
2026-01-10,287,0,0,0,"3,951.82",21,8053,59,15,15252,3222,809.191108,4,821.423441,3,817.334589,1,925.841831,0,477.486231,0,569.490612,1,217.563561,1,273.636251,0,240.049957,2,237.416858,0,259.275797,0,172.356065,0,166.454456,1,85.059652,0,86.526607,0,92.604373,0,88.636008,0,93.890373,1,31.269886,0,623.150387,1,34.579201,0
2026-01-11,318,0,0,0,"3,908.00",29,8022,68,8,16270,3245,856.010771,5,774.949587,2,804.82727,4,832.726844,0,453.000888,2,457.073352,0,213.511613,0,188.820023,0,221.842813,0,210.203685,0,235.764269,0,177.454804,0,165.750424,1,76.044877,1,73.679531,0,83.025872,0,90.955097,0,84.311351,0,22.741783,0,626.959967,0,20.91505,0
2026-01-12,314,0,0,0,"4,052.00",14,7965,66,12,15025,2999,750.421719,1,752.781534,1,797.717352,4,732.348847,1,400.327191,0,402.157895,1,161.622904,1,192.393176,0,177.588712,1,285.478289,2,175.443191,0,178.94697,3,204.407551,0,93.14386,2,109.424645,0,82.776199,0,68.775301,0,80.685676,0,47.888439,0,566.663867,1,78.696682,0
2026-01-13,273,0,0,0,"4,676.80",22,7952,56,11,14655,3170,748.951678,1,746.543798,1,799.865983,0,793.745478,0,375.543016,5,397.815332,0,158.343511,0,202.371071,0,196.469931,0,233.830439,0,162.955372,3,185.32526,0,186.271094,1,89.552588,0,107.579013,0,89.082591,0,87.95,0,85.86,0,42.56,0,583.067082,0,56.729124,0
2026-01-14,270,0,0,0,"4,285.60",16,7932,74,19,14781,2986,760.219668,0,775.15742,0,800.351686,0,747.435971,3,484.107538,1,401.781977,0,176.530415,0,177.292782,0,192.031077,0,252.834287,1,151.618583,1,169.202578,0,169.910442,0,74.600235,2,64.667958,0,89.723642,0,82.926064,0,94.08753,0,70.874695,0,607.650996,0,24.5,0
2026-01-15,293,0,0,0,"4,409.20",14,7873,61,14,15903,2904,699.380047,2,756.052502,0,751.525881,3,766.585526,0,455.672333,3,349.216629,0,190.919647,0,198.674742,0,167.063163,0,167.360306,1,224.143129,0,177.411351,0,162.821861,0,59.305634,0,73.813006,0,82.02878,0,83.476938,0,81.659055,0,49.761809,0,589.028855,0,39.971875,0
2026-01-16,304,0,0,0,"4,174.80",25,7839,70,13,14671,2911,807.880739,2,786.797914,2,741.693334,5,798.554724,1,349.514716,1,385.217262,0,208.991699,0,170.098741,1,181.083358,0,258.080022,0,154.252265,1,177.373456,0,144.233259,1,72.991901,1,95.21703,1,77.078963,0,80.429443,0,93.681783,0,43.497305,0,573.371885,0,44.165966,0
2026-01-17,320,0,0,0,"4,352.80",11,7804,50,14,15529,3127,847.824569,5,818.128857,3,851.900497,0,728.266139,0,416.348504,0,355.881381,1,210.759629,0,270.519347,3,177.186978,1,249.18757,1,193.432872,0,220.953258,1,269.51491,0,85.376853,0,70.213051,0,102.121492,0,73.129371,0,123.502372,0,41.352396,0,568.933287,0,47.52,0
2026-01-18,357,0,0,0,"3,941.60",23,7765,88,20,16429,3213,848.617932,1,799.434088,2,943.48155,8,757.036911,1,437.950334,0,352.495585,1,200.339963,1,206.387152,1,213.393986,0,162.528624,0,196.905251,0,171.824089,0,166.801354,1,76.515998,0,83.467207,0,72.129634,0,82.900688,0,73.467082,0,34.789005,1,560.973359,0,53.368077,0
2026-01-19,308,0,0,0,"4,110.00",19,7675,58,15,14695,2838,575.334796,3,740.988556,2,738.921049,3,669.48012,0,399.854688,0,373.201703,0,169.581896,1,176.010832,0,189.36147,1,207.032953,0,144.070693,0,175.266471,1,184.771632,0,82.255577,0,79.669467,0,68.5,0,95.355375,0,86.1,0,22.87,0,550.994275,0,50.280386,0
2026-01-20,268,0,0,0,"4,511.50",20,7624,43,11,14601,4000,597.600489,0,757.700251,3,770.979864,3,558.751993,0,356.957384,3,369.485332,0,172.325777,0,157.491679,0,191.801802,6,231.554577,2,151.94967,0,174.121014,0,165.615362,0,74.615237,0,85.66061,0,81.053301,1,73.645923,0,78.060641,0,64.545294,0,548.011896,0,45.49,0
2026-01-21,294,0,0,0,"4,575.15",22,7624,62,15,14208,3532,619.115621,0,788.841502,0,765.023753,0,749.273494,0,331.702774,0,340.595871,3,159.328197,0,181.350067,1,201.996834,2,179.340486,0,197.118278,0,176.572121,1,152.484122,0,68.42118,0,68.695631,0,71.515615,0,76.631251,0,73.757187,0,37.800983,0,529.675719,1,55.967269,0
2026-01-22,287,0,0,0,"4,684.95",20,7623,74,20,14770,3120,789.810011,3,776.104376,0,783.248251,4,602.268722,1,413.39811,0,361.823906,1,183.463677,0,211.022166,0,178.075594,0,179.508691,0,192.487444,0,165.675535,1,147.220624,0,68.017157,0,71.191272,0,74.490905,0,82.56212,0,74.585345,0,48.573412,0,542.114018,1,43.479004,0
2026-01-23,298,0,0,0,"4,465.80",17,7593,52,21,13809,2652,591.09112,1,606.407265,2,558.570538,3,640.360262,1,470.092298,0,355.500867,0,146.393127,9,239.061584,0,215.418515,2,208.299011,1,147.777199,0,179.888636,0,188.735652,0,82.41,0,73.381864,0,95.354895,0,72.970935,0,76.75,0,28.9,0,531.186211,0,42.8,0
2026-01-24,346,0,0,0,"4,534.20",19,7569,73,21,14439,2671,776.888857,1,542.17448,3,757.612347,6,666.283662,4,481.864915,2,357.152033,0,224.503457,0,234.102775,0,184.964108,1,143.76635,0,157.735005,0,164.667396,0,169.152347,0,75.740788,0,73.478485,0,58.494749,0,93.005417,0,76.967385,0,37.66,0,529.693206,0,39.872318,0
2026-01-25,312,0,0,0,"4,218.75",15,7545,60,12,15382,2682,836.226411,5,778.885463,0,937.493765,6,680.6939,2,397.30881,2,345.189255,3,247.326281,0,159.245728,0,218.306398,0,213.51002,0,167.526164,0,215.837102,2,229.694168,0,106.293661,0,141.906312,0,110.666755,0,127.403969,2,102.288852,0,35.64604,0,518.000758,0,45.640306,0
2026-01-26,299,0,0,0,"4,516.20",19,7512,80,17,12763,3233,665.329317,1,797.255545,2,738.91957,1,584.85026,3,386.338377,0,356.779764,0,161.639272,0,180.962107,0,183.886287,2,203.243377,0,222.44362,0,238.624514,0,157.58461,0,80.675522,0,68.228889,0,110.79673,2,90.343892,0,91.17,0,38.49,0,522.285643,3,36.841256,0
2026-01-27,319,0,0,0,"5,348.70",29,7488,57,18,12120,3874,656.156607,1,672.152523,1,743.213225,2,586.806173,4,383.068108,3,363.714023,0,168.681212,0,181.53113,0,189.828855,0,156.008707,0,162.079986,0,160.948276,0,133.328413,0,69.275282,0,68.762406,0,68.480457,1,88.252809,0,69.944574,0,33.331598,0,498.609451,2,60.314501,0
2026-01-28,302,0,0,0,"4,976.10",19,7484,66,12,12200,3707,673.333416,3,697.563608,2,686.252551,0,541.9152,1,382.267807,0,327.962074,0,173.44513,1,182.895972,0,189.233147,0,193.386039,9,137.015815,0,172.915715,3,170.848156,0,77.837597,0,75.625577,0,52.538222,1,71.068648,0,80.497674,0,64.376408,0,527.270916,0,26.15462,0
2026-01-29,285,0,0,0,"5,180.90",11,7424,61,15,12761,3771,660.784652,1,797.014236,0,730.063105,0,568.285242,1,360.255113,0,345.17943,1,171.817182,0,165.153074,1,202.19539,0,123.431531,0,139.0309,0,118.013178,0,111.42727,0,128.95139,0,147.105745,0,129.812162,0,90.42836,0,52.296695,0,50.967297,0,503.361857,0,48.086717,0
2026-01-30,293,0,0,0,"4,816.00",28,7416,60,29,12081,5964,491.875636,0,582.982241,0,626.655643,4,421.659986,1,318.688572,1,320.16206,0,112.879659,1,116.288084,0,137.291783,0,126.400341,0,119.189898,3,119.322156,0,123.235761,1,138.969577,0,146.312402,1,200.473427,0,90.47506,0,70.676958,0,41.7612,1,507.084685,1,33.629044,3
2026-01-31,309,0,0,0,"4,810.00",21,7245,65,33,12505,6270,816.845776,2,595.826798,7,660.717745,0,733.119598,0,442.439535,1,325.835716,0,213.996155,1,190.66382,0,183.617591,2,176.037472,0,143.299943,0,159.939692,0,169.726861,2,72.702089,1,77.099048,1,84.177233,0,92.759242,0,72.335913,0,46.239292,0,516.016921,0,24.16,0
2026-02-01,265,0,0,0,"4,952.30",14,7204,63,19,13177,5848,791.535555,0,790.85262,3,817.229301,0,744.894656,1,435.134338,1,421.865362,0,246.621949,3,226.699409,0,199.60594,0,138.306226,0,131.87478,1,96.709793,0,122.3255,2,120.301507,0,133.604356,0,97.784503,0,121.159061,0,58.075963,0,25.40014,0,511.063342,1,26.435488,0
2026-02-02,235,0,0,0,"5,753.83",35,7204,59,32,12423,6086,759.07387,0,759.837941,1,840.013589,0,654.645875,1,439.211539,1,364.912548,0,190.929782,0,210.615349,0,221.194572,0,174.470005,0,138.428176,0,152.377997,0,158.441394,0,66.348355,0,87.312716,0,75.699519,0,81.780586,0,73.113261,0,31.864811,0,500.876189,0,30.959964,0
2026-02-03,240,0,0,0,"5,547.48",25,7192,58,18,12855,5156,642.604893,0,598.668792,2,649.357444,0,523.449307,0,396.601241,2,336.583314,1,151.85,0,198.764296,0,252.921969,1,100.736613,0,89.647025,2,91.807362,1,115.692429,0,130.260049,1,140.113886,2,135.616196,2,104.544197,1,62.826091,0,49.81,0,499.241053,7,29.87869,0
2026-02-04,242,0,0,0,"5,775.01",25,7042,66,22,12770,4823,596.364008,0,611.246297,1,672.607862,1,495.863419,0,512.058489,1,410.184512,1,164.333091,0,254.120326,0,235.064287,0,205.455237,0,189.128469,0,231.802179,1,219.285976,0,94.338675,0,138.726542,0,112.682308,1,119.994916,0,107.009321,0,36.74,0,499.808857,0,29.294397,0
2026-02-05,222,0,0,0,"5,372.33",27,6901,63,18,12494,5429,510.948376,1,502.129782,2,553.910831,5,401.387631,1,427.708891,0,298.526268,1,170.993679,0,240.13148,3,233.336395,0,161.634244,0,155.045296,1,158.551496,0,154.699094,0,63.064675,0,75.066539,0,79.802379,0,77.58463,3,82.147299,1,26.610824,0,488.102795,5,40.683967,0
2026-02-06,253,0,0,0,"5,920.75",23,6888,57,27,13094,4877,506.314309,1,510.8394,1,549.24497,0,408.249906,1,463.383505,1,219.060314,1,161.804853,1,244.897956,0,227.467764,0,132.730491,0,140.955669,0,119.334402,0,127.648212,0,152.306503,0,160.179914,1,158.37932,0,100.121116,0,50.097157,0,32.487074,0,491.464348,2,34.66,0
2026-02-07,230,0,0,0,"4,444.83",21,6887,58,17,13369,4598,597.62816,3,609.517973,3,587.70614,4,509.616531,0,504.991383,2,309.090408,0,173.373873,0,230.400916,1,231.970762,0,103.306732,0,106.447676,0,109.293567,0,114.757156,0,144.738159,1,142.945935,0,144.685404,0,90.10199,0,50.600595,1,61.06,0,489.530867,1,30.315843,0
2026-02-08,229,0,0,0,"4,434.12",24,6875,54,12,14078,4811,499.906827,1,531.925245,0,636.670041,2,402.576749,0,461.117539,2,333.420669,0,154.75,1,233.860346,0,257.493583,0,180.316793,0,134.331131,1,158.865463,0,161.593193,0,70.250906,0,84.493826,0,77.960695,0,74.980099,0,76.525907,0,30.095517,0,486.435538,2,32.29,0
2026-02-09,197,0,0,0,"4,968.06",19,6820,56,17,14842,3882,540.394974,3,494.66355,0,505.819172,0,401.08096,2,438.262794,0,343.023116,0,179.137677,0,216.515994,2,215.401838,0,183.645174,1,142.737509,1,157.800532,1,134.784776,3,71.166124,4,82.282869,0,78.426463,0,80.821415,0,69.426061,1,40.051385,0,472.317872,0,45.560809,0
2026-02-10,192,0,0,0,"5,414.68",45,6816,57,12,15309,2650,538.289919,1,527.748965,2,425.701207,2,435.552325,0,448.322571,2,336.726364,0,156.295509,2,227.834881,1,218.487046,1,182.017574,0,173.044929,0,125.310861,0,151.825547,0,93.54606,0,72.630603,0,108.058439,0,71.059154,0,57.137526,0,43.042368,0,476.722078,0,40.498036,0
2026-02-11,198,0,0,0,"5,832.12",18,6746,20,16,6995,2272,413.405777,1,400.433786,0,395.73409,0,394.917569,2,400.3841,0,355.676991,1,159.295035,0,218.098561,0,225.247469,0,199.980417,0,152.519633,2,175.472536,0,164.762927,0,71.976634,0,79.258995,0,63.42,0,89.81,0,94.29,0,47.99,0,482.612505,1,31.85,0
2026-02-12,184,0,0,0,"5,438.81",41,6688,34,16,6426,2097,350.152181,3,300.338327,1,350.223178,0,378.128023,0,315.137914,0,306.388046,0,169.212361,0,216.87877,2,185.296253,1,176.483474,1,148.012709,2,161.990459,2,154.23044,0,71.123845,3,76.292621,0,77.06418,0,84.101874,0,76.636296,0,28.98,0,456.42259,2,53.951049,0
2026-02-13,197,0,0,0,"5,412.10",35,6450,41,15,6248,1965,385.151034,2,339.578731,0,337.102285,2,344.399188,0,304.859298,0,360.517445,1,172.753897,0,158.780489,0,142.704862,0,104.470693,0,102.1688,2,126.980225,0,121.0947,0,165.328884,0,176.104102,0,150.911151,0,82.384327,0,53.261462,2,46.060708,0,488.652634,0,21.253168,0
2026-02-14,167,0,0,0,"5,402.78",24,6417,36,17,6413,2123,402.464723,1,358.367156,0,380.117969,1,427.039069,1,342.74299,0,398.446116,0,159.115871,1,210.514847,0,167.130064,0,229.494703,0,174.334558,0,197.27188,0,253.625401,0,71.656435,0,70.586237,0,84.186193,0,75.084542,0,86.63917,0,34.946561,0,462.678225,2,45.484734,0
2026-02-15,197,0,0,0,"5,365.74",21,6347,39,24,6755,1988,356.506233,3,308.184732,6,420.414348,1,336.862757,0,296.649171,0,291.507155,1,186.746663,0,217.801826,0,146.511259,0,212.194324,0,173.908033,1,157.548353,1,233.852671,0,116.613452,0,78.184424,0,92.817513,0,68.936692,0,95.081739,0,50.9,0,472.92145,1,35.12832,0
2026-02-16,128,0,0,0,"4,247.82",10,6336,24,16,6543,2176,365.22104,1,307.949164,0,374.896642,0,310.154335,1,276.081737,1,252.535129,2,154.465338,1,247.014281,0,148.068388,0,86.814693,1,94.746938,0,96.143006,1,89.725643,3,125.169912,1,93.166867,0,116.869132,0,81.633427,0,57.888259,0,49.618841,0,462.656807,1,45.241978,0
2026-02-17,157,0,0,0,"4,435.17",36,6318,33,11,6422,2030,349.131385,6,285.252368,0,331.817298,0,393.777905,0,322.7319,0,283.012246,0,219.231978,0,213.030674,0,141.419411,1,121.906509,0,110.414885,0,114.428296,1,104.100996,2,134.700905,0,182.675426,0,150.056346,0,102.320801,0,51.69241,0,39.055689,0,455.736074,1,45.052922,0
2026-02-18,207,0,0,0,"4,123.69",31,6146,29,9,6372,2074,344.111965,10,282.035835,1,343.926532,0,347.186138,0,309.704521,2,284.543209,0,270.064679,0,223.634419,0,157.791851,3,96.05631,0,107.197946,0,131.551513,2,129.894049,0,118.189334,0,93.347891,0,98.170624,0,106.794829,0,49.07106,0,36.426397,0,447.331006,0,50.646499,0
2026-02-19,196,0,0,0,"5,309.45",19,6132,21,14,6156,2011,317.423666,0,319.044574,0,321.526073,2,322.396304,1,282.513925,0,280.699741,0,250.544427,1,205.736791,1,128.363766,0,75.199744,1,99.554346,0,79.96944,0,97.412341,0,107.07656,0,142.124566,0,128.744846,0,80.620802,0,53.131935,0,63.405179,0,450.956074,0,46.399729,0
2026-02-20,251,0,0,0,"3,475.06",21,6126,41,15,6506,2091,374.385843,1,276.954468,1,300.265391,1,300.859267,1,313.968854,2,321.487096,1,275.000422,1,227.499557,0,153.77972,0,213.003533,0,157.645447,1,183.987865,0,169.220163,0,79.727782,0,78.245607,0,103.974148,0,90.887778,0,90.370407,0,30.268109,0,464.891645,1,31.362015,0
2026-02-21,290,0,0,0,"4,288.84",26,6014,58,16,6610,1959,378.505787,5,330.09987,0,333.402973,0,329.320706,0,339.380759,0,332.685389,1,208.673695,0,250.250434,2,187.238145,2,98.86576,0,94.668689,1,88.202966,0,91.906514,0,119.870648,0,121.480372,0,129.091402,1,85.461076,1,55.557198,0,46.984619,0,453.378689,1,40.661204,0
2026-02-22,361,0,0,0,"4,358.43",35,5945,56,26,7012,1932,358.595156,5,302.991175,4,332.118962,2,299.922486,1,295.465545,1,294.865433,1,207.120247,1,209.534318,0,143.705882,1,155.008003,0,170.457632,0,172.437322,0,103.342802,0,133.615482,0,79.36239,0,96.017461,0,123.60432,0,55.921408,0,39.585248,0,463.442778,4,28.67,0
2026-02-23,369,0,0,0,"6,119.22",38,5914,40,16,8835,2438,347.464737,3,307.559882,4,307.550172,2,311.294413,2,294.02905,0,271.227367,0,197.647105,2,207.962993,1,164.877059,1,224.731742,0,181.462709,0,182.280304,0,121.3,0,77.475963,0,78.913923,0,89.215399,0,88.398453,0,86.604662,0,32.885225,0,433.382614,0,54.372137,0
2026-02-24,333,0,0,0,"7,266.18",40,5560,61,21,10358,2951,342.689375,5,340.201403,0,324.562647,1,336.323676,1,261.022417,0,273.84725,0,242.174552,2,230.532233,0,147.55854,0,118.519396,0,117.867485,0,111.813201,2,91.707967,0,138.621262,0,198.051553,1,122.422221,0,99.484445,2,87.317551,0,32.036278,0,445.231205,1,41.216219,0
2026-02-25,311,0,0,0,"7,362.43",20,5360,62,26,10125,2522,333.119487,7,336.836309,0,325.934695,7,315.789246,0,236.545069,0,363.993434,0,237.455498,1,213.772008,0,139.767262,0,94.299962,0,92.767664,3,81.60429,3,114.456318,0,112.419824,1,145.075716,1,136.506683,0,87.353586,0,60.120397,1,49.248546,0,458.871285,2,26.109157,0
2026-02-26,342,0,0,0,"7,803.74",22,5313,76,18,9775,2707,400.768173,10,379.176777,1,402.159529,3,379.752939,1,200.016986,0,251.027448,0,251.214922,2,151.468588,0,127.096448,0,101.562115,1,116.382752,2,105.880606,0,117.661121,0,111.366111,0,117.718572,0,77.557573,1,105.00893,0,48.486408,0,27.74,0,440.552273,2,38.69,0
2026-02-27,398,0,0,0,"7,438.67",47,4533,101,15,10223,2782,400.05762,4,350.484812,3,399.389824,3,363.846154,0,200.21666,1,283.520449,1,282.454328,1,150.053659,1,154.252942,1,153.587921,0,173.85434,0,178.494938,0,106.547242,0,117.549149,1,81.753903,0,119.559649,0,104.22,0,59.702921,0,54.351503,0,439.749899,31,38.564856,0
2026-02-28,423,0,0,0,"7,334.32",44,3986,76,40,10663,3079,405.606133,2,353.263291,3,402.659426,2,361.513376,4,204.426534,0,285.389217,1,244.61459,1,152.974367,0,152.652013,0,104.581565,0,103.705863,3,125.193365,1,113.320336,0,138.53759,0,127.269489,0,125.066235,0,83.602167,0,51.072655,0,42.654209,0,447.975942,0,29.59,0
2026-03-01,353,20,"6,817.12","19,059","5,256.71",25,3575,77,45,11274,3424,448.462442,3,361.488119,4,426.146246,4,344.993914,5,197.827175,8,294.909799,0,245.30165,0,150.92658,0,147.20936,2,75.081357,1,84.407115,0,109.597415,1,107.736038,0,116.462489,1,139.306906,0,112.457463,0,79.031286,0,49.607143,0,30.687155,0,430.606735,1,45.966272,0
2026-03-02,328,35,"5,775.65","13,807","5,919.83",19,2904,70,40,11032,3150,459.224506,4,392.077815,0,422.433326,2,351.140385,3,203.042111,0,249.495532,2,209.758238,0,147.200159,2,100.279293,1,104.785386,0,101.961695,0,106.412636,1,104.559481,0,184.058931,0,103.904237,0,128.699271,0,94.46407,0,50.391314,0,52.762789,0,427.46826,1,48.404509,0
2026-03-03,267,19,"4,060.94","12,858","5,904.50",23,19496,62,27,10607,3279,417.918649,3,341.540607,5,363.927597,4,281.063687,2,304.854934,0,194.953466,0,182.685555,2,129.403567,0,102.456344,0,140.525612,1,99.250684,0,131.660989,1,109.126857,0,99.345234,4,168.657304,1,72.340895,0,122.838767,0,51.31906,0,38.700497,0,419.338046,1,56.241223,1
2026-03-04,279,39,"3,853.11","12,375","5,426.40",25,18088,66,19,10549,3223,518.21813,1,501.97623,0,387.556019,1,262.496491,2,279.46388,0,167.505749,0,213.603788,4,121.199764,0,104.235445,0,142.63569,1,151.972941,0,152.89123,1,122.120545,2,109.237412,0,122.067573,0,87.676079,0,77.487114,1,50.055087,2,39.575212,0,446.926622,0,27.85,0
2026-03-05,358,57,"3,867.48","12,359","5,767.58",40,15524,75,26,9914,3083,525.21018,1,499.544224,0,610.300963,0,533.316939,0,266.720855,0,411.416566,0,181.889803,0,211.761451,2,108.757466,0,122.185676,0,126.771966,0,88.413158,0,85.358876,0,118.542187,0,86.656741,0,130.179186,0,72.904802,0,53.079683,1,38.357633,0,421.610888,2,52.541442,0
2026-03-06,315,51,"3,416.23","12,125","5,934.24",21,12366,62,31,10923,3140,474.451602,2,579.140115,0,589.060313,1,372.443623,0,259.531015,3,247.446062,0,215.346395,0,178.501206,1,122.402068,1,108.314004,0,105.861514,0,108.904591,1,98.919711,0,104.82894,0,108.469654,0,125.660878,0,81.37377,0,50.685688,0,43.331263,0,422.992141,5,46.11561,0
2026-03-07,287,26,"3,246.22","11,958","5,605.06",13,13744,63,20,10604,3219,571.617685,7,535.379088,1,571.790473,2,406.682625,1,228.467431,1,273.175101,0,226.532875,0,136.915204,0,102.199222,1,95.136184,0,96.071279,1,100.12426,0,95.482439,0,114.597748,0,119.364212,0,124.405023,0,74.26322,0,52.362568,0,35.823672,0,420.342506,0,46.673979,0
2026-03-08,337,60,"5,434.12","11,792","5,733.13",33,12701,88,34,11293,3359,534.345977,1,521.266539,0,551.495129,0,347.666707,1,259.060964,0,254.278833,0,230.300643,0,146.064277,0,101.345376,0,98.058603,1,101.712405,0,94.230654,2,90.684353,0,123.836201,0,98.115034,0,125.850449,0,81.39305,0,48.378835,1,46.796323,0,420.557843,2,43.92,0
2026-03-09,329,58,"6,752.01","11,755","5,827.20",43,12140,79,14,10605,3201,525.872887,5,493.667776,2,515.916659,1,404.353121,0,264.944575,0,200.146503,0,205.123078,2,136.938207,0,98.871487,1,233.014336,0,169.52405,0,188.981516,2,126.865944,0,89.092291,0,82.843351,0,71.890942,0,88.131296,0,88.682278,0,45.682421,0,408.423473,2,54.095567,0
2026-03-10,258,43,"3,686.29","11,698","6,108.93",17,14218,54,21,10728,3216,505.519032,4,509.197828,5,506.455528,1,422.904829,2,270.307561,0,206.10504,1,173.501984,0,139.98699,0,90.915701,2,85.662213,0,94.067452,0,100.308473,1,93.374935,4,122.417751,0,114.55418,0,122.862754,3,72.050891,0,49.302227,0,67.689605,0,425.441375,2,36.660245,0
2026-03-11,292,61,"4,751.61","11,689","5,830.71",16,16268,67,14,10718,3107,472.362697,1,471.23687,0,426.17034,1,376.03349,0,390.202444,4,206.911724,0,167.545118,0,142.91566,0,98.683651,0,107.777583,1,206.535271,0,94.51608,7,97.074203,0,119.861396,0,99.003199,0,103.611001,1,185.212395,0,42.99639,0,33.424116,0,413.869045,7,47.636344,0
2026-03-12,302,49,"5,803.75","11,671","5,848.90",19,16777,57,12,10608,3039,532.988407,4,516.971968,0,446.246939,0,400.988314,7,316.384153,0,210.925084,3,168.026368,1,156.227577,0,106.914848,0,101.699805,0,116.773318,8,96.568257,0,91.025275,0,111.09564,0,97.803495,0,119.826226,0,87.162984,0,42.581876,0,53.594671,0,425.13599,0,36.250086,0
2026-03-13,301,49,"5,268.88","11,637","5,738.04",32,16287,36,21,11121,3265,483.074935,0,508.842526,4,466.275721,1,411.030925,1,310.198919,5,183.056732,1,167.154473,0,200.780378,1,99.277763,1,105.248143,0,117.664538,1,132.714274,0,104.997158,1,93.805498,0,110.341187,0,93.431899,0,78.82578,0,66.90173,0,32.359488,0,432.723365,0,28.12,0
2026-03-14,321,72,"3,801.76","11,582","5,946.16",39,15693,67,26,10631,3196,625.443189,3,581.024898,2,759.631518,0,526.839217,1,288.694628,0,235.175322,1,265.369291,0,166.57505,1,133.197158,2,149.869735,0,149.988194,0,154.345356,0,105.006602,1,104.476432,1,88.758552,3,82.556295,0,80.913546,0,50.217884,1,51.717679,0,416.016322,0,44.717312,0
2026-03-15,328,76,"5,930.77","11,572","5,368.56",20,13130,67,24,11222,3326,451.153544,0,571.990454,5,566.959271,1,416.134797,1,316.985534,1,207.365116,0,249.544148,0,160.696394,2,104.944058,2,107.448947,1,102.538587,1,107.199067,0,97.460171,0,112.03639,0,105.787355,0,127.056294,1,79.033692,0,47.493337,0,40.347454,0,411.684519,2,44.874087,0
2026-03-16,310,50,"8,449.61","11,215","5,923.13",27,14974,44,30,11218,3301,530.388287,2,462.310577,4,448.957106,2,398.642987,1,346.569693,0,220.706565,4,276.153134,0,140.337937,0,94.191689,0,125.284066,1,100.544737,0,138.941999,0,99.135994,0,101.798835,1,122.440644,0,78.054584,0,77.401663,0,40.421072,0,48.310961,0,390.74925,1,64.241147,1
2026-03-17,276,51,"4,900.32","11,007","6,632.37",19,18721,54,20,11181,3922,565.312596,2,549.265536,3,401.783569,0,491.877229,2,352.126633,3,270.294746,0,200.191079,1,126.165459,1,125.098306,1,91.179008,1,101.990679,0,99.92524,0,99.515672,0,124.931092,0,84.525743,0,125.218814,0,77.324479,1,29.53718,0,45.646168,1,417.50517,11,37.461536,0
2026-03-18,343,58,"7,138.55","10,942","6,133.98",24,18138,78,19,10144,2702,570.812944,4,554.311944,1,401.647458,0,497.760759,1,371.734973,2,265.425886,0,172.023881,0,132.691395,0,122.645618,1,80.41617,0,137.483734,6,91.97762,0,94.097382,2,102.412296,0,97.442835,0,115.714025,0,126.599317,0,43.119271,0,18.58,0,402.447839,2,50.502678,0
2026-03-19,294,37,"7,152.43","10,866","6,250.34",30,18180,65,17,10501,2975,570.019608,0,582.636711,1,404.969176,2,457.431135,4,374.210111,0,250.932263,1,216.918186,0,145.729224,0,119.635967,0,99.593864,0,88.626337,1,101.110989,0,127.080055,0,117.030456,0,129.291977,2,104.21808,0,67.157889,0,59.251285,0,46.183703,0,415.576342,0,36.7127,0
2026-03-20,322,76,"6,668.19","10,788","7,004.37",22,16925,72,14,10974,3021,516.096819,2,595.960761,0,481.304097,5,434.215093,0,357.4171,1,232.817764,1,188.008493,1,111.113531,2,147.344848,0,112.860624,0,144.399502,0,169.188845,0,98.900793,1,110.302954,0,94.076369,0,85.088191,2,78.430812,0,60.995605,0,44.926682,0,408.160063,2,38.248193,0
2026-03-21,321,50,"3,793.97","10,785","5,262.39",17,12013,46,28,11046,3453,692.385034,3,629.770665,3,466.790437,7,479.605813,0,396.395253,1,298.222377,0,204.320706,0,146.116031,0,146.949446,0,106.365918,0,100.694304,0,133.550568,0,87.888422,0,98.495703,0,96.077062,0,83.721089,0,68.505302,0,43.255983,0,51.813098,0,415.748224,1,29.842944,0
2026-03-22,337,53,"6,781.99","10,548","5,692.65",26,13394,66,31,11084,3140,530.379014,1,585.045026,0,400.61493,1,412.213503,0,338.245294,1,279.133439,1,275.155487,3,142.572479,0,134.445604,0,91.59545,0,95.298698,0,95.384487,0,104.85239,0,124.675266,0,158.282359,0,100.378867,0,80.828346,0,43.772943,3,45.346789,0,401.362761,3,41.919289,0
2026-03-23,326,50,"8,091.10","10,499","5,994.96",20,13771,50,32,11322,3496,533.386803,4,517.337862,2,363.761845,2,475.042066,2,358.723572,1,251.269716,0,186.276573,1,119.71827,0,117.058258,0,100.917291,0,102.104508,0,138.641445,2,101.094061,1,100.14183,0,87.305018,0,81.112503,1,83.239546,0,44.403747,0,48.411112,0,395.788615,0,46.16,0
2026-03-24,327,71,"5,676.89","10,385","6,395.94",24,16877,75,19,10575,2936,568.976839,5,614.233051,1,401.967133,3,441.575568,10,358.132731,1,250.838428,3,210.086526,0,120.031915,0,121.677171,0,79.829245,0,132.058238,0,132.507281,0,130.798037,1,77.930281,0,79.987871,0,95.778195,0,61.293164,0,49.793577,0,50.480355,0,397.341379,1,43.981773,0
2026-03-25,353,50,"7,391.60","10,186","5,941.93",24,17209,77,22,10641,3138,532.566121,5,564.94836,1,467.300577,4,502.395033,2,355.583752,1,228.531702,1,212.879429,0,132.31792,0,126.80777,0,106.587407,0,105.425893,0,143.226106,1,104.939521,1,81.097317,0,100.311141,0,81.57727,0,67.893391,0,55.524053,0,49.287477,0,395.446013,2,45.298144,0
2026-03-26,307,58,"5,582.89","10,132","5,831.76",26,17371,60,22,10695,3034,547.813079,1,576.64253,1,496.607131,0,454.899002,2,339.488432,1,223.160029,0,202.223181,0,114.35161,0,120.528094,2,93.353527,1,93.065126,0,129.506903,0,81.84166,0,99.75249,0,81.791789,1,77.662085,0,71.470526,0,47.622599,0,60.051735,0,390.539441,0,48.073785,1
2026-03-27,304,63,"7,100.84","10,028","5,786.99",28,17879,82,13,11062,2905,555.356025,4,698.188882,2,484.586135,0,402.15351,1,340.802619,0,233.409191,0,169.667601,0,129.271729,2,107.144458,0,91.777723,1,75.731582,0,129.466214,0,76.242238,3,95.974123,0,100.005081,0,63.429289,0,65.389781,0,48.905785,0,59.416849,0,400.345601,1,33.816156,0
2026-03-28,311,73,"5,281.22","9,880","5,863.57",26,16477,70,16,11041,3152,483.501506,2,626.844354,1,453.361979,1,480.879292,0,334.318016,3,327.576766,0,219.421171,0,128.068018,6,162.020014,0,195.823723,2,92.257979,1,121.036891,0,118.780052,0,50.266915,0,63.549805,0,41.17663,0,56.97835,0,41.940416,0,34.13,0,405.746504,0,27.624766,0
2026-03-29,334,42,"7,440.77","9,820","4,981.87",31,12625,72,21,11631,2994,515.3442,2,594.212544,1,499.219584,5,393.839624,0,349.895248,0,204.071392,0,216.414874,0,120.598817,0,123.036797,0,176.861465,0,183.244053,0,170.413951,1,108.185956,0,110.104453,0,77.254311,0,102.518768,0,76.016775,0,59.526269,0,21.801875,0,394.719638,3,36.591474,0
2026-03-30,282,62,"6,790.68","9,755","5,600.92",24,14874,49,19,11177,3035,567.509088,8,588.141273,2,403.382647,5,461.622995,0,337.443193,0,240.874499,1,167.095001,0,98.120483,0,113.109252,2,114.76,0,105.712912,0,169.908452,0,91.069838,0,109.176426,0,72.89401,1,88.950299,0,75.704499,0,43.953349,1,51.552832,0,389.376735,1,40.48,0
2026-03-31,276,42,"4,058.19","9,706","5,191.04",13,16029,61,25,11154,3271,534.294171,2,555.63552,2,403.861844,3,404.174956,1,316.788611,0,227.088137,0,137.429264,0,108.48681,0,110.197868,0,109.477989,0,85.159587,1,126.356721,0,121.551098,0,72.256961,0,113.338483,0,70.314216,0,80.355172,0,67.82222,0,42.94,0,395.481633,4,33.91781,0
2026-04-01,295,52,"7,306.44","9,695","4,992.45",20,16641,59,20,12538,3986,598.792098,0,557.568976,1,409.323481,1,393.18987,1,257.462898,2,175.517774,0,137.744669,0,150.622279,0,117.526258,0,167.871771,1,191.868706,0,169.719388,0,119.233459,0,119.939485,0,108.452042,0,113.946663,4,101.128373,0,60.466257,0,36.71,0,368.746815,0,60.546682,0
2026-04-02,265,67,"5,105.01","9,677","5,172.51",23,16782,59,17,12794,4039,901.350298,0,793.898852,2,780.707556,0,553.936421,1,327.202481,1,181.185065,0,140.299358,0,150.04813,0,208.366396,0,82.040608,1,87.050928,0,105.449139,0,68.324898,0,103.890241,0,84.326885,0,69.954776,0,76.718239,0,39.809355,0,46.309639,0,369.343902,2,57.555629,0
2026-04-03,302,59,"4,359.79","9,631","5,390.96",17,17344,75,34,13247,4203,834.00928,6,739.930904,0,677.070829,5,563.745505,1,356.869586,1,441.205502,2,150.501633,0,150.813826,0,176.710075,1,94.307333,0,96.247046,1,136.860907,0,82.811697,0,116.095036,1,93.392647,3,73.374631,0,72.072733,0,44.717566,0,48.89267,0,383.733649,14,42.093864,1
2026-04-04,314,56,"5,627.30","9,513","4,998.33",22,16437,66,38,13811,4263,771.604412,2,760.450148,1,641.095847,0,543.005619,0,315.18667,5,287.798044,0,161.930319,0,147.298055,0,208.62787,0,100.18918,0,100.128608,0,144.194054,0,98.545483,0,96.859314,0,78.426064,0,78.16632,1,77.46959,0,49.196449,0,57.492536,0,369.275405,4,56.507902,0
2026-04-05,309,55,"6,213.19","9,462","5,164.32",21,15075,60,29,13774,3915,865.230111,1,718.868603,5,698.944032,1,530.554269,1,359.588915,1,304.900098,0,196.345647,0,200.970084,1,186.202604,0,114.494307,0,97.033524,0,160.878369,0,90.325579,0,109.225523,0,80.569373,0,71.170408,0,77.873221,0,52.03245,0,39.534781,0,371.351839,3,47.727404,0
2026-04-06,364,96,"7,058.46","9,461","5,307.53",26,11522,71,42,13725,4617,812.301688,1,711.658817,1,635.327482,1,536.903225,1,359.80266,1,277.008899,1,158.334762,1,154.910384,0,162.503886,0,102.649831,0,100.932622,0,136.041185,0,91.559391,0,88.313186,0,74.693764,0,75.760154,0,75.988345,0,50.601219,0,47.420772,0,350.25969,0,62.677731,0
2026-04-07,308,58,"6,031.33","9,375","5,630.28",24,12706,57,30,13177,4031,675.164526,0,616.477075,0,546.070302,1,459.974979,0,304.301085,0,242.389458,0,119.578473,0,142.705635,0,143.785864,0,103.426202,0,101.13632,0,154.632915,0,102.474069,0,90.453033,0,87.266043,0,74.335602,0,77.625136,0,55.041978,0,40.09,0,367.018904,2,43.68,0
2026-04-08,260,55,"5,933.47","9,353","5,126.79",19,14267,48,18,12438,3715,775.786001,3,672.794974,3,592.804807,1,518.24416,2,300.443626,0,235.778191,1,140.856564,0,144.89117,0,143.092283,0,215.381972,0,144.813949,0,146.869552,2,139.759318,0,113.583344,0,64.242933,0,52.594043,0,47.754742,0,58.452373,0,61.463129,0,367.772167,2,41.366106,0
2026-04-09,314,59,"5,501.80","9,335","5,248.79",29,16958,51,15,12007,3683,787.739452,0,706.723044,1,604.589103,0,582.054703,1,309.58817,0,232.746837,0,162.487212,0,165.375565,0,134.005302,0,78.62553,0,142.567112,0,82.687565,1,86.05188,0,114.751024,0,86.325849,3,96.722365,0,123.485965,0,32.444268,0,31.427733,0,370.154658,1,37.561683,0
2026-04-10,263,65,"7,289.92","9,208","5,111.40",15,17038,39,27,12568,3879,701.50524,0,581.841506,3,670.137695,0,467.198606,0,242.156927,0,236.5237,1,133.65401,0,151.004862,0,110.687193,1,83.506199,0,86.845666,0,108.030816,1,84.027342,0,96.662067,0,87.676135,0,65.961787,1,65.330654,0,43.041377,0,29.825018,0,369.008228,0,38.654886,1
2026-04-11,331,63,"2,450.93","9,194","5,137.20",17,17124,51,22,13840,4458,800.986217,2,815.499464,2,597.544422,0,505.057302,3,259.31526,0,247.834315,1,204.778522,0,165.212934,1,145.807748,2,142.242279,0,162.115036,0,141.242831,0,98.357971,1,99.113529,1,84.23944,0,93.623791,0,134.588617,0,83.757986,0,52.23037,0,351.71906,2,55.909581,0
2026-04-12,324,51,"2,740.55","9,073","4,891.24",18,15853,54,20,14389,4072,821.132255,1,718.521523,3,724.825517,6,607.106845,0,376.113252,3,297.842337,1,180.32101,0,189.217519,0,155.614995,0,90.193409,0,98.763625,2,160.803198,0,96.006098,0,91.310732,0,87.450739,1,88.02515,0,81.265862,0,52.168502,0,42.841103,0,340.993663,3,65.980078,0
2026-04-13,302,48,"5,070.32","9,069","5,169.26",32,15898,57,20,13267,4482,599.166256,5,657.647603,0,500.335981,3,497.56844,1,304.239769,1,272.71229,1,136.543011,0,136.214383,0,142.790786,0,181.601833,0,186.370644,2,145.621145,0,101.299569,0,89.73552,0,85.502541,0,80.78,0,101.670069,0,53.108553,0,47.180139,0,348.032233,0,53.367284,0
2026-04-14,289,46,"4,180.34","9,062","5,619.05",19,16327,40,24,12136,5296,636.979215,6,669.633073,3,538.07489,0,505.152241,2,269.954023,2,246.501505,0,141.66754,3,143.84508,0,132.015276,0,142.031979,0,151.418388,0,158.843476,2,105.946538,0,106.181668,0,92.13028,0,87.557494,0,92.987509,1,49.017858,0,51.105995,0,372.30749,0,27.495544,0
2026-04-15,267,73,"5,090.62","9,050","4,913.81",4,16272,48,33,11888,4568,622.715433,4,668.836239,2,531.2888,1,503.172635,3,299.694389,0,254.740553,0,156.1991,1,112.018655,0,168.709753,2,147.28066,0,147.267039,0,151.778077,0,100.329376,2,98.754435,0,79.646588,0,81.6852,0,78.986698,0,49.199877,0,49.27,0,360.546534,1,38.71,0
2026-04-16,306,70,"5,526.63","9,032","5,162.70",4,17209,67,41,11998,4998,669.088748,1,654.844285,1,446.748797,3,518.475212,0,348.49506,1,235.51181,0,166.062667,0,128.607638,2,161.952207,1,141.768041,0,150.159516,1,155.971154,0,112.694017,0,117.343864,1,90.425306,0,88.189436,0,85.441299,0,52.209258,0,27.905936,0,355.963352,1,38.652769,0
2026-04-17,305,56,"6,472.73","8,942","5,163.60",5,17212,41,43,11183,5622,493.179364,3,680.681296,1,526.928571,1,431.515905,1,221.035034,0,294.28005,1,139.091165,0,220.769469,1,140.555667,0,80.477293,0,87.142598,0,108.924268,0,83.911196,1,79.927912,0,88.248614,0,61.600737,1,66.552164,0,42.954321,0,54.203786,0,356.672219,2,33.95,0
2026-04-18,310,61,"6,295.38","8,877","4,926.60",6,16422,46,35,11955,6225,635.9421,2,755.615102,4,490.67559,2,542.192357,1,327.22383,0,283.441685,0,182.02131,0,144.74525,0,170.328739,1,159.711483,0,155.872577,1,144.595641,0,97.766787,1,102.567858,1,89.714527,0,84.863258,1,84.37478,0,49.11335,0,44.89,0,367.071309,0,22.208689,0
2026-04-19,374,79,"7,254.17","8,797","4,663.57",4,14312,60,55,12503,6150,716.720806,3,699.786869,0,599.50129,3,541.334494,1,359.063058,0,266.652535,1,150.919341,0,170.646224,0,153.330173,0,181.132452,0,165.127068,1,173.886133,0,95.060866,0,102.108142,0,88.042229,0,76.084088,0,80.938174,0,57.207558,0,43.859028,0,356.583917,1,31.2,0
2026-04-20,239,56,"8,507.33","8,741","4,457.02",7,14183,34,31,12257,5750,615.054958,2,623.058057,3,499.15884,0,473.117982,1,290.549768,0,241.05961,0,139.250434,1,137.318669,3,141.46021,0,92.342837,0,67.98521,1,87.367273,0,72.327355,4,130.545931,0,93.208311,0,77.064539,0,41.17,0,35.766312,0,41.916057,0,346.199244,0,39.697986,0
2026-04-21,311,60,"4,909.18","8,721","4,790.28",7,13340,43,51,9586,7276,609.154003,1,638.474792,3,511.252346,1,521.835526,0,301.56249,2,239.381573,0,144.258429,1,138.971893,0,156.500209,0,140.204834,0,151.119677,0,139.144121,1,100.782996,0,94.825332,0,92.347685,0,104.299972,0,87.078714,0,47.839471,1,53.980336,0,350.064876,0,33.95,0
2026-04-22,275,49,"6,973.50","8,621","4,636.63",6,11084,42,48,9635,7132,598.651229,0,691.398022,1,526.736044,1,456.736042,0,295.326405,0,250.352454,2,145.230354,0,146.705134,0,138.943959,0,172.714126,0,178.31707,0,149.514599,1,85.935833,0,85.104957,1,81.910259,2,92.240124,0,73.287105,3,48.209287,0,72.021108,0,328.447275,1,49.478885,0
2026-04-23,265,49,"7,157.67","8,612","4,511.60",5,12363,30,43,9078,7152,619.509235,1,633.453215,1,583.636297,0,415.530003,4,301.093718,1,208.037049,1,152.554094,0,153.223284,0,141.074358,1,157.576624,0,169.808648,3,158.832788,0,89.386215,1,93.922573,0,88.004137,0,84.290425,0,79.967796,0,54.994103,0,54.024252,0,336.785331,0,38.945788,0
2026-04-24,313,58,"6,759.64","8,595","4,633.29",5,12142,42,59,8782,8068,459.885721,2,656.65691,2,600.842726,0,415.933627,1,203.795525,0,228.086359,0,152.757953,0,168.369937,0,152.63434,3,116.893538,0,146.82152,0,149.094096,1,89.768615,1,87.260414,0,85.0937,0,77.821761,1,79.606025,0,49.078582,0,27.153911,0,325.22341,2,48.517026,0
2026-04-25,418,43,"5,136.28","8,460","2,789.56",4,7874,33,46,8985,8960,653.208999,0,620.206607,7,502.546644,0,573.844616,3,248.194349,1,309.586925,6,152.64884,0,110.959381,0,172.151391,1,153.734506,0,147.599495,0,154.371795,0,103.014799,0,102.256164,1,95.878732,0,86.501719,0,81.715141,0,49.324466,0,43.120976,0,332.381393,4,38.991524,0
2026-04-26,336,54,"6,244.76","8,455","2,840.60",0,7421,44,51,9418,9223,658.266184,1,671.932047,1,671.444656,3,428.737359,1,346.169822,0,238.190292,1,150.571939,1,198.927117,0,161.448065,2,113.750201,0,126.168919,0,122.240171,3,115.970941,5,94.854245,0,71.502177,0,63.246687,0,67.79811,0,35.294898,0,34.360161,0,322.19716,0,48.765784,0
2026-04-27,435,46,"8,631.05","8,429","4,311.71",4,11787,46,46,8800,9061,579.16437,4,632.101873,1,518.068015,3,479.720444,2,347.927572,0,237.268334,0,135.164063,1,129.564706,0,129.997126,1,132.430802,0,149.942903,0,164.723225,2,81.322435,0,94.648251,0,87.636109,0,84.848895,1,65.730212,0,36.882668,0,51.195869,1,319.025375,1,43.549181,0
2026-04-28,278,49,"6,246.66","8,395","3,580.20",4,11934,39,34,8065,8443,574.483881,2,626.10365,1,517.983939,0,443.573986,1,282.676241,0,237.168338,0,143.990741,0,117.600145,0,129.103072,1,157.010684,0,167.998245,2,140.145158,0,97.67613,0,96.419935,0,84.914095,3,87.686217,0,74.261161,1,40.036877,0,57.265695,0,311.61529,8,46.338112,1
2026-04-29,264,44,"6,116.47","8,383","3,393.90",2,11313,41,42,8385,8454,560.463722,0,607.80625,1,508.239655,3,440.356137,0,272.461977,2,231.549235,0,130.242715,0,139.128676,0,128.033669,1,125.628876,0,144.439161,0,146.368608,1,110.074322,0,108.33625,0,79.72877,0,80.887724,0,85.804167,0,46.938122,0,40.003943,0,300.181284,0,45.515865,0
2026-04-30,286,49,"5,546.02","8,280","3,768.30",11,12561,30,37,7935,8737,481.532849,0,567.379192,1,492.594297,2,406.529418,2,256.868114,0,219.583179,0,132.691825,0,121.217273,0,136.185635,6,131.847463,0,143.601334,0,143.35592,0,102.374059,0,107.25976,0,84.863553,2,71.537071,1,85.814831,0,46.500783,0,24.836026,0,299.835695,0,43.81,0