date,rakuya_advance,criteo_spend,criteo_advance,rtbhouse_spend,rtbhouse_advance,rakuya_fb_dpa_advance_allzone_ASC_Campaign2_spend,rakuya_fb_dpa_advance_allzone_ASC_Campaign2_advance,rakuya_fb_dpa_advance_allzone_ASC_Campaign3_spend,rakuya_fb_dpa_advance_allzone_ASC_Campaign3_advance,rakuya_fb_dpa_advance_allzone_ASC_Campaign4_spend,rakuya_fb_dpa_advance_allzone_ASC_Campaign4_advance,rakuya_fb_dpa_advance_allzone2_spend,rakuya_fb_dpa_advance_allzone2_advance,South_15_KSC_spend,South_15_KSC_advance,Central_8_TCC_spend,Central_8_TCC_advance,South_14_TNC_spend,South_14_TNC_advance,North_2_NTPC_spend,North_2_NTPC_advance,North-4-TYC-spend,North-4-TYC-advance,Central-9-CHQ-spend,Central-9-CHQ-advance,North-0-TPC-spend,North-0-TPC-advance,South-12-CYC-spend,South-12-CYC-advance,Central-7-MLQ-spend,Central-7-MLQ-advance,South-13-CYQ-spend,South-13-CYQ-advance,Central-11-YLQ-spend,Central-11-YLQ-advance,South-17-PTQ-spend,South-17-PTQ-advance,Central-10-NTQ-spend,Central-10-NTQ-advance,North-6-HSQ-spend,North-6-HSQ-advance,North-1-KLC-spend,North-1-KLC-advance,East-18-TTQ-spend,East-18-TTQ-advance,North-3-ILQ-spend,North-3-ILQ-advance,North-8-HCC-spend,North-8-HCC-advance,East-18-HLQ-spend,East-18-HLQ-advance,South-16-PHQ-spend,South-16-PHQ-advance,Central-20-KMQ-spend,Central-20-KMQ-advance
2026-03-01,353,6817.12,20,5256.71,25,11274,77,0,0,0,0,3424,45,448.462442,3,361.488119,4,426.146246,4,344.993914,5,371.351839,3,197.827175,8,294.909799,0,245.30165,0,147.20936,2,150.92658,0,147.267039,0,151.778077,0,147.28066,0,100.329376,2,79.646588,0,81.6852,0,98.754435,0,78.986698,0,49.199877,0,47.727404,0,49.27,0
2026-03-02,328,5775.65,35,5919.83,19,11032,70,0,0,0,0,3150,40,459.224506,4,392.077815,0,422.433326,2,351.140385,3,420.557843,2,203.042111,0,249.495532,2,209.758238,0,100.279293,1,147.200159,2,146.82152,0,149.094096,1,116.893538,0,89.768615,1,85.0937,0,77.821761,1,87.260414,0,79.606025,0,49.078582,0,43.92,0,27.15,0
2026-03-03,267,4060.94,19,5904.5,23,10607,62,0,0,0,0,3279,27,417.918649,3,341.540607,5,363.927597,4,281.063687,2,389.376735,1,304.854934,0,194.953466,0,182.685555,2,102.456344,0,129.403567,0,145.627454,0,132.330224,1,138.438409,0,77.415511,0,57.384913,0,58.802371,0,74.056283,0,72.092752,0,45.21575,0,40.48,0,30.14,0
2026-03-04,279,3853.11,39,5426.4,25,10549,66,0,0,0,0,3223,19,518.21813,1,501.97623,0,387.556019,1,262.496491,2,516.016921,0,279.46388,0,167.505749,0,213.603788,4,104.235445,0,121.199764,0,144.813949,0,146.869552,2,215.381972,0,139.759318,0,64.242933,0,52.594043,0,113.583344,0,47.754742,0,58.452373,0,24.16,0,61.46,0
2026-03-05,358,3867.48,57,5767.58,40,9914,75,0,0,0,0,3083,26,525.21018,1,499.544224,0,610.300963,0,533.316939,0,499.808857,0,266.720855,0,411.416566,0,181.889803,0,108.757466,0,211.761451,2,170.457632,0,172.437322,0,155.008003,0,103.342802,0,79.36239,0,96.017461,0,133.615482,0,123.60432,0,55.921408,0,29.294397,0,39.59,0
2026-03-06,315,3416.23,51,5934.24,21,10923,62,0,0,0,0,3140,31,474.451602,2,579.140115,0,589.060313,1,372.443623,0,583.067082,0,259.531015,3,247.446062,0,215.346395,0,122.402068,1,178.501206,1,173.85434,0,178.494938,0,153.587921,0,106.547242,0,81.753903,0,119.559649,0,117.549149,1,104.22,0,59.702921,0,56.729124,0,54.35,0
2026-03-07,287,3246.22,26,5605.06,13,10604,63,0,0,0,0,3219,20,571.617685,7,535.379088,1,571.790473,2,406.682625,1,550.994275,0,228.467431,1,273.175101,0,226.532875,0,102.199222,1,136.915204,0,151.972941,0,152.89123,1,142.63569,1,122.120545,2,122.067573,0,87.676079,0,109.237412,0,77.487114,1,50.055087,2,50.280386,0,39.58,0
2026-03-08,337,5434.12,60,5733.14,33,11293,88,0,0,0,0,3359,34,534.345977,1,521.266539,0,551.495129,0,347.666707,1,529.675719,1,259.060964,0,254.278833,0,230.300643,0,101.345376,0,146.064277,0,149.988194,0,154.345356,0,149.869735,0,105.006602,1,88.758552,3,82.556295,0,104.476432,1,80.913546,0,50.217884,1,55.967269,0,51.72,0
2026-03-09,329,6752.01,58,5827.2,43,10605,79,0,0,0,0,3201,14,525.872887,5,493.667776,2,515.916659,1,404.353121,0,420.342506,0,264.944575,0,200.146503,0,205.123078,2,98.871487,1,136.938207,0,100.128608,0,144.194054,0,100.18918,0,98.545483,0,78.426064,0,78.16632,1,96.859314,0,77.46959,0,49.196449,0,46.673979,0,57.49,0
2026-03-10,258,3686.29,43,6108.93,17,10728,54,0,0,0,0,3216,21,505.519032,4,509.197828,5,506.455528,1,422.904829,2,419.338046,1,270.307561,0,206.10504,1,173.501984,0,90.915701,2,139.98699,0,100.932622,0,136.041185,0,102.649831,0,91.559391,0,74.693764,0,75.760154,0,88.313186,0,75.988345,0,50.601219,0,56.241223,1,47.42,0
2026-03-11,292,4751.61,61,5830.71,16,10718,67,0,0,0,0,3107,14,472.362697,1,471.23687,0,426.17034,1,376.03349,0,367.018904,2,390.202444,4,206.911724,0,167.545118,0,98.683651,0,142.91566,0,98.763625,2,160.803198,0,90.193409,0,96.006098,0,87.450739,1,88.02515,0,91.310732,0,81.265862,0,52.168502,0,43.68,0,42.84,0
2026-03-12,302,5803.75,49,5848.9,19,10608,57,0,0,0,0,3039,12,532.988407,4,516.971968,0,446.246939,0,400.988314,7,400.345601,1,316.384153,0,210.925084,3,168.026368,1,106.914848,0,156.227577,0,97.033524,0,160.878369,0,114.494307,0,90.325579,0,80.569373,0,71.170408,0,109.225523,0,77.873221,0,52.03245,0,33.816156,0,39.53,0
2026-03-13,301,5268.88,49,5738.04,32,11121,36,0,0,0,0,3265,21,483.074935,0,508.842526,4,466.275721,1,411.030925,1,369.275405,4,310.198919,5,183.056732,1,167.154473,0,99.277763,1,200.780378,1,101.13632,0,154.632915,0,103.426202,0,102.474069,0,87.266043,0,74.335602,0,90.453033,0,77.625136,0,55.041978,0,56.507902,0,40.09,0
2026-03-14,321,3801.76,72,5946.16,39,10631,67,0,0,0,0,3196,26,625.443189,3,581.024898,2,759.631518,0,526.839217,1,529.693206,0,288.694628,0,235.175322,1,265.369291,0,133.197158,2,166.57505,1,107.197946,0,131.551513,2,96.05631,0,129.894049,0,93.347891,0,98.170624,0,118.189334,0,106.794829,0,49.07106,0,39.872318,0,36.43,0
2026-03-15,328,5930.77,76,5368.56,20,11222,67,0,0,0,0,3326,24,451.153544,0,571.990454,5,566.959271,1,416.134797,1,369.008228,0,316.985534,1,207.365116,0,249.544148,0,104.944058,2,160.696394,2,144.399502,0,169.188845,0,112.860624,0,98.900793,1,94.076369,0,85.088191,2,110.302954,0,78.430812,0,60.995605,0,38.654886,1,44.93,0
2026-03-16,310,8449.61,50,5923.13,27,11218,44,0,0,0,0,3301,30,530.388287,2,462.310577,4,448.957106,2,398.642987,1,433.382614,0,346.569693,0,220.706565,4,276.153134,0,94.191689,0,140.337937,0,105.712912,0,169.908452,0,114.76,0,91.069838,0,72.89401,1,88.950299,0,109.176426,0,75.704499,0,43.953349,1,54.372137,0,51.55,0
2026-03-17,276,4900.32,51,6632.37,19,11181,54,0,0,0,0,3922,20,565.312596,2,549.265536,3,401.783569,0,491.877229,2,425.441375,2,352.126633,3,270.294746,0,200.191079,1,125.098306,1,126.165459,1,102.104508,0,138.641445,2,100.917291,0,101.094061,1,87.305018,0,81.112503,1,100.14183,0,83.239546,0,44.403747,0,36.660245,0,48.41,0
2026-03-18,343,7138.55,58,6133.98,24,10144,78,0,0,0,0,2702,19,570.812944,4,554.311944,1,401.647458,0,497.760759,1,445.231205,1,371.734973,2,265.425886,0,172.023881,0,122.645618,1,132.691395,0,100.544737,0,138.941999,0,125.284066,1,99.135994,0,122.440644,0,78.054584,0,101.798835,1,77.401663,0,40.421072,0,41.216219,0,48.31,0
2026-03-19,294,7152.43,37,6250.34,30,10501,65,0,0,0,0,2975,17,570.019608,0,582.636711,1,404.969176,2,457.431135,4,415.576342,0,374.210111,0,250.932263,1,216.918186,0,119.635967,0,145.729224,0,100.694304,0,133.550568,0,106.365918,0,87.888422,0,96.077062,0,83.721089,0,98.495703,0,68.505302,0,43.255983,0,36.7127,0,51.81,0
2026-03-20,322,6668.19,76,7004.37,22,10974,72,0,0,0,0,3021,14,516.096819,2,595.960761,0,481.304097,5,434.215093,0,332.381393,4,357.4171,1,232.817764,1,188.008493,1,147.344848,0,111.113531,2,85.159587,1,126.356721,0,109.477989,0,121.551098,0,113.338483,0,70.314216,0,72.256961,0,80.355172,0,67.82222,0,38.991524,0,42.94,0
2026-03-21,321,3793.97,50,5262.39,17,11046,46,0,0,0,0,3453,28,692.385034,3,629.770665,3,466.790437,7,479.605813,0,401.362761,3,396.395253,1,298.222377,0,204.320706,0,146.949446,0,146.116031,0,116.382752,2,105.880606,0,101.562115,1,117.661121,0,117.718572,0,77.557573,1,111.366111,0,105.00893,0,48.486408,0,41.919289,0,27.74,0
2026-03-22,337,6781.99,53,5692.65,26,11084,66,0,0,0,0,3140,31,530.379014,1,585.045026,0,400.61493,1,412.213503,0,486.435538,2,338.245294,1,279.133439,1,275.155487,3,134.445604,0,142.572479,0,117.664538,1,132.714274,0,105.248143,0,104.997158,1,110.341187,0,93.431899,0,93.805498,0,78.82578,0,66.90173,0,32.29,0,32.36,0
2026-03-23,326,8091.10,50,5994.96,20,11322,50,0,0,0,0,3496,32,533.386803,4,517.337862,2,363.761845,2,475.042066,2,369.343902,2,358.723572,1,251.269716,0,186.276573,1,117.058258,0,119.71827,0,96.247046,1,136.860907,0,94.307333,0,82.811697,0,93.392647,3,73.374631,0,116.095036,1,72.072733,0,44.717566,0,57.555629,0,48.89,0
2026-03-24,327,5676.89,71,6395.94,24,10575,75,0,0,0,0,2936,19,568.976839,5,614.233051,1,401.967133,3,441.575568,10,390.539441,0,358.132731,1,250.838428,3,210.086526,0,121.677171,0,120.031915,0,93.065126,0,129.506903,0,93.353527,1,81.84166,0,81.791789,1,77.662085,0,99.75249,0,71.470526,0,47.622599,0,48.073785,1,60.05,0
2026-03-25,353,7391.60,50,5941.93,24,10641,77,0,0,0,0,3138,22,532.566121,5,564.94836,1,467.300577,4,502.395033,2,395.481633,4,355.583752,1,228.531702,1,212.879429,0,126.80777,0,132.31792,0,75.731582,0,129.466214,0,91.777723,1,76.242238,3,100.005081,0,63.429289,0,95.974123,0,65.389781,0,48.905785,0,33.91781,0,59.42,0
2026-03-26,307,5582.89,58,5831.76,26,10695,60,0,0,0,0,3034,22,547.813079,1,576.64253,1,496.607131,0,454.899002,2,394.719638,3,339.488432,1,223.160029,0,202.223181,0,120.528094,2,114.35161,0,87.050928,0,105.449139,0,82.040608,1,68.324898,0,84.326885,0,69.954776,0,103.890241,0,76.718239,0,39.809355,0,36.591474,0,46.31,0
2026-03-27,304,7100.84,63,5786.99,28,11062,82,0,0,0,0,2905,13,555.356025,4,698.188882,2,484.586135,0,402.15351,1,346.199244,0,340.802619,0,233.409191,0,169.667601,0,107.144458,0,129.271729,2,132.058238,0,132.507281,0,79.829245,0,130.798037,1,79.987871,0,95.778195,0,77.930281,0,61.293164,0,49.793577,0,39.697986,0,50.48,0
2026-03-28,311,5281.22,73,5863.57,26,11041,70,0,0,0,0,3152,16,483.501506,2,626.844354,1,453.361979,1,480.879292,0,425.13599,0,334.318016,3,327.576766,0,219.421171,0,162.020014,0,128.068018,6,99.250684,0,131.660989,1,140.525612,1,109.126857,0,168.657304,1,72.340895,0,99.345234,4,122.838767,0,51.31906,0,36.250086,0,38.70,0
2026-03-29,334,7440.77,42,4981.87,31,11631,72,0,0,0,0,2994,21,515.3442,2,594.212544,1,499.219584,5,393.839624,0,390.74925,1,349.895248,0,204.071392,0,216.414874,0,123.036797,0,120.598817,0,105.425893,0,143.226106,1,106.587407,0,104.939521,1,100.311141,0,81.57727,0,81.097317,0,67.893391,0,55.524053,0,64.241147,1,49.29,0
2026-03-30,282,6790.68,62,5600.92,24,11177,49,0,0,0,0,3035,19,567.509088,8,588.141273,2,403.382647,5,461.622995,0,328.447275,1,337.443193,0,240.874499,1,167.095001,0,113.109252,2,98.120483,0,86.845666,0,108.030816,1,83.506199,0,84.027342,0,87.676135,0,65.961787,1,96.662067,0,65.330654,0,43.041377,0,49.478885,0,29.83,0
2026-03-31,276,4058.19,42,5191.04,13,11154,61,0,0,0,0,3271,25,534.294171,2,555.63552,2,403.861844,3,404.174956,1,395.446013,2,316.788611,0,227.088137,0,137.429264,0,110.197868,0,108.48681,0,87.142598,0,108.924268,0,80.477293,0,83.911196,1,88.248614,0,61.600737,1,79.927912,0,66.552164,0,42.954321,0,45.298144,0,54.20,0
2026-04-01,295,7306.44,52,4992.45,20,12538,59,0,0,0,0,3986,20,598.792098,0,557.568976,1,409.323481,1,393.18987,1,367.772167,2,257.462898,2,175.517774,0,137.744669,0,117.526258,0,150.622279,0,67.98521,1,87.367273,0,92.342837,0,72.327355,4,93.208311,0,77.064539,0,130.545931,0,41.17,0,35.766312,0,41.366106,0,41.92,0
2026-04-02,265,5105.01,67,5172.51,23,12794,59,0,0,0,0,4039,17,901.350298,0,793.898852,2,780.707556,0,553.936421,1,623.150387,1,327.202481,1,181.185065,0,140.299358,0,208.366396,0,150.04813,0,131.87478,1,96.709793,0,138.306226,0,122.3255,2,133.604356,0,97.784503,0,120.301507,0,121.159061,0,58.075963,0,34.579201,0,25.40,0
2026-04-03,302,4359.79,59,5390.97,17,13247,75,0,0,0,0,4203,34,834.00928,6,739.930904,0,677.070829,5,563.745505,1,560.973359,0,356.869586,1,441.205502,2,150.501633,0,176.710075,1,150.813826,0,139.0309,0,118.013178,0,123.431531,0,111.42727,0,147.105745,0,129.812162,0,128.95139,0,90.42836,0,52.296695,0,53.368077,0,50.97,0
2026-04-04,314,5627.30,56,4998.33,22,13811,66,0,0,0,0,4263,38,771.604412,2,760.450148,1,641.095847,0,543.005619,0,522.285643,3,315.18667,5,287.798044,0,161.930319,0,208.62787,0,147.298055,0,140.955669,0,119.334402,0,132.730491,0,127.648212,0,160.179914,1,158.37932,0,152.306503,0,100.121116,0,50.097157,0,36.841256,0,32.49,0
2026-04-05,309,6213.19,55,5164.32,21,13774,60,0,0,0,0,3915,29,865.230111,1,718.868603,5,698.944032,1,530.554269,1,472.317872,0,359.588915,1,304.900098,0,196.345647,0,186.202604,0,200.970084,1,119.189898,3,119.322156,0,126.400341,0,123.235761,1,146.312402,1,200.473427,0,138.969577,0,90.47506,0,70.676958,0,45.560809,0,41.76,1
2026-04-06,364,7058.46,96,5307.53,26,13725,71,0,0,0,0,4617,42,812.301688,1,711.658817,1,635.327482,1,536.903225,1,602.596044,0,359.80266,1,277.008899,1,158.334762,1,162.503886,0,154.910384,0,106.447676,0,109.293567,0,103.306732,0,114.757156,0,142.945935,0,144.685404,0,144.738159,1,90.10199,0,50.600595,1,69.002176,0,61.06,0
2026-04-07,308,6031.33,58,5630.28,24,13177,57,0,0,0,0,4031,30,675.164526,0,616.477075,0,546.070302,1,459.974979,0,476.722078,0,304.301085,0,242.389458,0,119.578473,0,143.785864,0,142.705635,0,96.071279,1,100.12426,0,95.136184,0,95.482439,0,119.364212,0,124.405023,0,114.597748,0,74.26322,0,52.362568,0,40.498036,0,35.82,0
2026-04-08,260,5933.47,55,5126.79,19,12438,48,0,0,0,0,3715,18,775.786001,3,672.794974,3,592.804807,1,518.24416,2,527.270916,0,300.443626,0,235.778191,1,140.856564,0,143.092283,0,144.89117,0,94.668689,1,88.202966,0,98.86576,0,91.906514,0,121.480372,0,129.091402,1,119.870648,0,85.461076,1,55.557198,0,26.15462,0,46.98,0
2026-04-09,314,5501.80,59,5248.79,29,12007,51,0,0,0,0,3683,15,787.739452,0,706.723044,1,604.589103,0,582.054703,1,503.361857,0,309.58817,0,232.746837,0,162.487212,0,134.005302,0,165.375565,0,94.746938,0,96.143006,1,86.814693,1,89.725643,3,93.166867,0,116.869132,0,125.169912,1,81.633427,0,57.888259,0,48.086717,0,49.62,0
2026-04-10,263,7289.92,65,5111.4,15,12568,39,0,0,0,0,3879,27,701.50524,0,581.841506,3,670.137695,0,467.198606,0,573.371885,0,242.156927,0,236.5237,1,133.65401,0,110.687193,1,151.004862,0,84.407115,0,109.597415,1,75.081357,1,107.736038,0,139.306906,0,112.457463,0,116.462489,1,79.031286,0,49.607143,0,44.165966,0,30.69,0
2026-04-11,331,2450.93,63,5137.2,17,13840,51,0,0,0,0,4458,22,800.986217,2,815.499464,2,597.544422,0,505.057302,3,472.92145,1,259.31526,0,247.834315,1,204.778522,0,145.807748,2,165.212934,1,102.1688,2,126.980225,0,104.470693,0,121.0947,0,176.104102,0,150.911151,0,165.328884,0,82.384327,0,53.261462,2,35.12832,0,46.06,0
2026-04-12,324,2740.55,51,4891.24,18,14389,54,0,0,0,0,4072,20,821.132255,1,718.521523,3,724.825517,6,607.106845,0,491.464348,2,376.113252,3,297.842337,1,180.32101,0,155.614995,0,189.217519,0,89.647025,2,91.807362,1,100.736613,0,115.692429,0,140.113886,2,135.616196,2,130.260049,1,104.544197,1,62.826091,0,34.66,0,49.81,0
2026-04-13,302,5070.32,48,5169.26,32,13267,57,0,0,0,0,4482,20,599.166256,5,657.647603,0,500.335981,3,497.56844,1,408.160063,2,304.239769,1,272.71229,1,136.543011,0,142.790786,0,136.214383,0,94.067452,0,100.308473,1,85.662213,0,93.374935,4,114.55418,0,122.862754,3,122.417751,0,72.050891,0,49.302227,0,38.248193,0,67.69,0
2026-04-14,289,4180.34,46,5619.05,19,12136,40,0,0,0,0,5296,24,636.979215,6,669.633073,3,538.07489,0,505.152241,2,422.992141,5,269.954023,2,246.501505,0,141.66754,3,132.015276,0,143.84508,0,101.712405,0,94.230654,2,98.058603,1,90.684353,0,98.115034,0,125.850449,0,123.836201,0,81.39305,0,48.378835,1,46.11561,0,46.80,0
2026-04-15,267,5090.62,73,4913.81,4,11888,48,0,0,0,0,4568,33,622.715433,4,668.836239,2,531.2888,1,503.172635,3,415.748224,1,299.694389,0,254.740553,0,156.1991,1,168.709753,2,112.018655,0,126.771966,0,88.413158,0,122.185676,0,85.358876,0,86.656741,0,130.179186,0,118.542187,0,72.904802,0,53.079683,1,29.842944,0,38.36,0
2026-04-16,306,5526.63,70,5162.7,4,11998,67,0,0,0,0,4998,41,669.088748,1,654.844285,1,446.748797,3,518.475212,0,440.552273,2,348.49506,1,235.51181,0,166.062667,0,161.952207,1,128.607638,2,103.705863,3,125.193365,1,104.581565,0,113.320336,0,127.269489,0,125.066235,0,138.53759,0,83.602167,0,51.072655,0,38.69,0,42.65,0
2026-04-17,305,6472.73,56,5163.6,5,11183,41,0,0,0,0,5622,43,493.179364,3,680.681296,1,526.928571,1,431.515905,1,336.785331,0,221.035034,0,294.28005,1,139.091165,0,140.555667,0,220.769469,1,88.626337,1,101.110989,0,99.593864,0,127.080055,0,129.291977,2,104.21808,0,117.030456,0,67.157889,0,59.251285,0,38.945788,0,46.18,0
2026-04-18,310,6295.38,61,4926.6,6,11955,46,0,0,0,0,6225,35,635.9421,2,755.615102,4,490.67559,2,542.192357,1,430.606735,1,327.22383,0,283.441685,0,182.02131,0,170.328739,1,144.74525,0,110.414885,0,114.428296,1,121.906509,0,104.100996,2,182.675426,0,150.056346,0,134.700905,0,102.320801,0,51.69241,0,45.966272,0,39.06,0
2026-04-19,374,7254.17,79,4663.57,4,12503,60,0,0,0,0,6150,55,716.720806,3,699.786869,0,599.50129,3,541.334494,1,421.610888,2,359.063058,0,266.652535,1,150.919341,0,153.330173,0,170.646224,0,99.554346,0,79.96944,0,75.199744,1,97.412341,0,142.124566,0,128.744846,0,107.07656,0,80.620802,0,53.131935,0,52.541442,0,63.41,0
2026-04-20,239,8507.33,56,4457.02,7,12257,34,0,0,0,0,5750,31,615.054958,2,623.058057,3,499.15884,0,473.117982,1,408.423473,2,290.549768,0,241.05961,0,139.250434,1,141.46021,0,137.318669,3,102.538587,1,107.199067,0,107.448947,1,97.460171,0,105.787355,0,127.056294,1,112.03639,0,79.033692,0,47.493337,0,54.095567,0,40.35,0
2026-04-21,311,4909.18,60,4790.28,7,9586,43,0,0,0,0,7276,51,609.154003,1,638.474792,3,511.252346,1,521.835526,0,439.749899,31,301.56249,2,239.381573,0,144.258429,1,156.500209,0,138.971893,0,105.861514,0,108.904591,1,108.314004,0,98.919711,0,108.469654,0,125.660878,0,104.82894,0,81.37377,0,50.685688,0,38.564856,0,43.33,0
2026-04-22,275,6973.50,49,4636.63,6,9635,42,0,0,0,0,7132,48,598.651229,0,691.398022,1,526.736044,1,456.736042,0,411.684519,2,295.326405,0,250.352454,2,145.230354,0,138.943959,0,146.705134,0,101.961695,0,106.412636,1,104.785386,0,104.559481,0,103.904237,0,128.699271,0,184.058931,0,94.46407,0,50.391314,0,44.874087,0,52.76,0
2026-04-23,265,7157.67,49,4511.6,5,9078,30,0,0,0,0,7152,43,619.509235,1,633.453215,1,583.636297,0,415.530003,4,372.30749,0,301.093718,1,208.037049,1,152.554094,0,141.074358,1,153.223284,0,101.990679,0,99.92524,0,91.179008,1,99.515672,0,84.525743,0,125.218814,0,124.931092,0,77.324479,1,29.53718,0,27.495544,0,45.65,1
2026-04-24,313,6759.64,58,4633.29,5,8782,42,0,0,0,0,8068,59,459.885721,2,656.65691,2,600.842726,0,415.933627,1,402.447839,2,203.795525,0,228.086359,0,152.757953,0,152.63434,3,168.369937,0,95.298698,0,95.384487,0,91.59545,0,104.85239,0,158.282359,0,100.378867,0,124.675266,0,80.828346,0,43.772943,3,50.502678,0,45.35,0
2026-04-25,418,5136.28,43,2789.56,4,8985,33,0,0,0,0,8960,46,653.208999,0,620.206607,7,502.546644,0,573.844616,3,462.656807,1,248.194349,1,309.586925,6,152.64884,0,172.151391,1,110.959381,0,117.867485,0,111.813201,2,118.519396,0,91.707967,0,198.051553,1,122.422221,0,138.621262,0,99.484445,2,87.317551,0,45.241978,0,32.04,0
2026-04-26,336,6244.76,54,2840.6,0,9418,44,0,0,0,0,9223,51,658.266184,1,671.932047,1,671.444656,3,428.737359,1,383.733649,14,346.169822,0,238.190292,1,150.571939,1,161.448065,2,198.927117,0,92.767664,3,81.60429,3,94.299962,0,114.456318,0,145.075716,1,136.506683,0,112.419824,1,87.353586,0,60.120397,1,42.093864,1,49.25,0
2026-04-27,435,8631.05,46,4311.71,4,8800,46,0,0,0,0,9061,46,579.16437,4,632.101873,1,518.068015,3,479.720444,2,453.378689,1,347.927572,0,237.268334,0,135.164063,1,129.997126,1,129.564706,0,116.773318,8,96.568257,0,101.699805,0,91.025275,0,97.803495,0,119.826226,0,111.09564,0,87.162984,0,42.581876,0,40.661204,0,53.59,0
2026-04-28,278,6246.66,49,3580.2,4,8065,39,0,0,0,0,8443,34,574.483881,2,626.10365,1,517.983939,0,443.573986,1,463.442778,4,282.676241,0,237.168338,0,143.990741,0,129.103072,1,117.600145,0,137.483734,6,91.97762,0,80.41617,0,94.097382,2,97.442835,0,115.714025,0,102.412296,0,126.599317,0,43.119271,0,28.67,0,18.58,0
2026-04-29,264,6116.47,44,3393.9,2,8385,41,0,0,0,0,8454,42,560.463722,0,607.80625,1,508.239655,3,440.356137,0,455.736074,1,272.461977,2,231.549235,0,130.242715,0,128.033669,1,139.128676,0,206.535271,0,94.51608,7,107.777583,1,97.074203,0,99.003199,0,103.611001,1,119.861396,0,185.212395,0,42.99639,0,45.052922,0,33.42,0
2026-04-30,286,5546.02,49,3768.3,11,7935,30,0,0,0,0,8737,37,481.532849,0,567.379192,1,492.594297,2,406.529418,2,397.341379,1,256.868114,0,219.583179,0,132.691825,0,136.185635,6,121.217273,0,142.567112,0,82.687565,1,78.62553,0,86.05188,0,86.325849,3,96.722365,0,114.751024,0,123.485965,0,32.444268,0,43.981773,0,31.43,0
2026-05-01,276,3514.71,44,2460.6,20,6846,10,0,0,0,0,6856,24,589.541229,2,656.997901,0,538.830835,6,441.696116,3,441.302689,0,297.051577,0,245.205254,0,148.411949,3,147.10093,1,147.650931,1,147.282895,1,98.26032,2,96.975028,0,98.106588,0,122.859811,0,123.195804,0,122.861305,0,127.995022,0,48.94822,0,49.217068,0,41.11,0
2026-05-02,334,3588.35,42,3543.43,24,8510,16,0,0,0,0,7883,16,610.530388,1,668.380824,1,567.598801,1,455.418324,1,441.999835,1,291.952352,1,257.813256,0,151.643253,0,152.115731,1,154.090793,0,146.876213,0,98.453833,3,103.220439,3,102.90084,0,121.396002,0,153.124655,0,138.071517,1,128.123158,0,49.939123,0,44.060357,0,42.19,0
2026-05-03,283,4010.59,41,3889.87,14,9265,15,0,0,0,0,10183,23,643.529241,1,656.99186,1,659.119285,4,428.651882,1,470.056079,5,343.558793,1,266.02614,0,173.687532,0,156.148908,0,171.276976,2,196.205979,0,107.272086,1,96.726373,0,116.915444,1,168.462063,0,129.102782,0,122.853672,0,184.643164,2,59.136016,0,59.092919,0,55.46,0
2026-05-04,276,5647.50,52,3913.62,14,6062,18,2130,8,0,0,7720,27,553.275351,3,556.720399,2,508.464119,3,356.832783,2,428.696912,0,275.446049,1,229.891374,0,137.608072,0,124.878182,3,135.542158,1,135.273805,1,87.010601,0,88.638273,0,92.522032,0,96.310699,1,124.980458,0,122.1745,1,105.600023,0,29.511353,0,54.923739,0,35.75,0
2026-05-05,232,6188.46,44,4246.55,6,0,1,4343,14,0,0,5343,22,488.000851,0,599.950367,4,517.646444,1,345.562129,1,554.869324,2,283.48388,1,185.052847,0,145.398895,0,184.235033,1,134.657548,0,154.330298,0,86.263391,5,83.618872,2,80.761551,0,91.355204,0,103.39466,0,118.081638,1,77.45124,0,39.520767,0,49.188222,0,47.84,0
2026-05-06,285,6420.71,61,4227.84,17,0,0,4261,22,0,0,4580,39,550.862218,0,615.061207,2,572.634639,0,705.296155,4,480.260642,0,346.701051,1,324.281277,1,144.430459,3,143.859766,1,158.461318,0,156.605911,1,139.831986,0,125.381007,0,92.716437,0,99.505108,0,114.612471,0,148.774094,0,109.218468,0,83.387896,0,59.181927,0,29.05,0
2026-05-07,268,6551.11,60,4045.2,19,0,0,4298,21,0,0,4466,35,550.697885,1,663.154126,0,796.989162,0,487.627968,0,464.277394,1,284.68986,0,272.04963,1,163.584353,0,154.473904,0,154.784715,0,160.904047,5,106.38027,1,116.458143,0,130.714162,0,174.722991,0,146.378262,0,132.594573,0,164.679151,2,51.164607,3,35.870194,0,27.11,0
2026-05-08,245,6130.18,43,4007.25,16,0,0,4871,31,0,0,4743,31,493.43604,3,650.661104,0,596.672978,2,446.235333,0,382.197043,2,266.683359,0,219.971025,0,142.6192,0,161.854228,3,160.066008,0,126.943361,0,89.779307,0,122.663613,0,116.596042,1,169.834266,0,119.277093,0,99.247267,0,161.870291,0,52.966852,0,50.516786,0,37.04,0
2026-05-09,284,4508.64,64,4293.97,22,0,0,4998,26,0,0,5053,38,426.500709,0,575.691511,1,607.021739,1,482.478167,9,405.469172,3,252.188461,0,237.167664,1,171.181359,0,135.09044,1,169.751558,0,143.380925,0,113.953889,0,100.666258,0,111.32219,1,123.053344,0,148.776692,0,119.693511,0,144.529534,0,54.033934,0,34.895762,0,40.17,0
2026-05-10,256,4698.34,40,3780.56,9,0,0,5040,20,0,0,4850,20,460.569514,3,541.761113,2,477.736946,0,373.507723,0,348.24467,0,233.863439,0,184.279057,0,148.438616,0,124.785386,0,141.26417,2,124.21578,5,92.574707,0,71.795878,0,91.390063,0,123.413379,0,124.349359,1,97.569019,2,101.693728,0,42.481102,0,34.167825,0,44.06,0
2026-05-11,272,7452.77,48,3837,17,0,0,4802,34,0,0,4717,19,459.657248,3,566.644798,2,430.888858,0,349.953237,2,357.35512,2,246.664407,0,181.890734,1,130.728755,4,139.741099,0,122.269383,0,145.978442,0,84.176444,1,78.395383,1,88.483342,0,110.81366,0,116.661147,0,92.516552,0,110.873916,0,34.154013,0,37.609893,0,46.81,0
2026-05-12,299,6532.67,59,4201.8,20,0,0,5104,20,0,0,4978,30,394.265471,2,544.028528,2,427.703945,1,430.822526,0,383.496983,1,250.856185,0,207.063652,0,124.581699,0,141.855662,3,129.079679,2,130.73289,0,86.954931,0,82.692009,2,81.728431,0,96.763043,0,114.304892,0,87.848219,7,109.540461,0,49.528291,0,37.086825,0,31.38,0
2026-05-13,266,7064.70,48,4113.24,14,0,0,5187,20,0,0,4907,27,439.007925,0,597.600491,0,421.961135,3,387.636428,4,467.095345,0,265.315307,1,171.104965,0,124.354097,2,187.462886,4,117.518005,0,147.851099,0,81.819205,2,145.198814,0,87.794229,0,89.854721,0,123.378429,0,81.839158,0,100.36406,0,74.809452,1,40.879295,0,38.95,0
2026-05-14,286,6471.05,60,4031.04,25,0,0,5194,33,0,0,5415,34,505.903013,2,730.184062,3,433.372901,1,384.42185,0,390.758601,0,283.462754,2,171.011345,0,172.891854,0,185.472431,4,113.128422,0,195.757691,0,92.878007,0,118.025475,0,73.642016,0,158.15376,0,127.433213,0,159.308459,0,179.657845,0,52.79164,0,52.644197,0,44.05,0
2026-05-15,285,6205.04,60,4162.56,12,0,0,4933,30,0,0,5197,37,435.732681,4,749.542667,2,318.846885,3,368.986116,2,350.82119,1,286.097168,0,164.10741,1,148.421326,0,166.626159,1,240.137155,1,223.317776,0,177.946176,1,117.711806,1,166.067036,1,190.272033,0,152.763957,0,97.508457,0,138.79787,0,58.387881,0,52.087355,0,46.06,0
2026-05-16,340,4855.00,42,3994.08,12,0,0,5621,33,0,0,6631,54,443.654587,2,624.746702,0,349.661086,1,533.143574,0,428.680874,2,237.032297,0,202.124782,0,182.011409,0,220.83361,1,201.081662,0,187.518529,1,113.036708,0,107.885234,0,114.687473,0,104.246066,0,118.969162,2,113.884729,1,187.393579,0,41.257461,0,50.407782,0,41.39,0
2026-05-17,271,5101.59,47,3788.39,16,0,0,5970,25,0,0,5961,38,477.649836,3,680.93546,1,405.288588,2,362.906069,2,392.384062,1,276.513336,1,185.274189,0,193.648561,0,160.386851,1,132.826452,0,184.493097,0,96.165791,0,108.651608,0,93.687502,0,122.3196,0,124.457606,0,113.820113,0,100.380509,0,56.376729,0,62.713199,0,42.42,0
2026-05-18,317,6277.79,59,4093.36,7,0,0,5506,30,0,0,7868,49,505.740999,5,735.839389,0,431.858756,3,376.006611,6,398.141965,2,253.640014,1,173.674852,0,138.75022,0,191.856119,0,163.638689,0,181.924499,1,88.023377,0,83.731363,0,97.802434,0,130.44088,0,132.777321,0,92.753043,0,157.362228,0,49.213134,1,39.400487,0,36.47,0
2026-05-19,244,4731.11,47,4226.5,13,0,0,5166,28,0,0,6339,31,565.743407,0,594.457783,4,492.355237,0,424.833166,1,314.409351,0,246.43003,2,155.407728,0,132.636393,0,209.789483,1,130.206934,4,148.677078,1,120.700639,0,85.74073,1,95.844249,0,128.816507,0,120.122984,0,80.170374,1,131.35552,1,50.228963,0,58.581669,0,43.82,0
2026-05-20,313,3832.79,66,3983.1,22,0,0,5942,42,0,0,7473,42,563.976379,1,590.599307,4,494.215883,1,467.090645,4,327.577784,1,282.16431,1,157.00012,4,137.184955,2,243.173562,0,130.605211,1,153.020041,0,119.899498,2,98.129005,0,98.511738,0,129.509006,0,115.600864,0,97.555581,0,124.907457,0,36.933868,0,43.477199,0,37.56,0
2026-05-21,288,4246.25,51,3900.9,20,0,0,6290,37,0,0,7845,40,516.139136,5,566.560226,0,441.538436,2,555.513941,1,304.885238,2,254.219405,2,166.102187,0,160.852373,0,219.224144,0,123.933336,0,170.607423,0,120.137085,0,104.228625,1,98.84906,0,132.709681,1,158.889694,0,87.726932,0,127.764927,1,51.599461,0,59.5553,0,52.81,0
2026-05-22,259,5240.62,69,4128.6,22,0,0,7216,29,0,0,8418,41,617.98001,2,618.456659,2,307.194863,2,547.870144,1,300.836912,1,294.841,0,177.404663,0,154.922218,1,185.488509,3,156.837028,2,174.255094,0,144.956647,0,96.680407,0,92.002947,0,111.124012,0,89.66578,0,106.201746,0,118.394607,1,41.631105,0,26.971044,0,31.65,0
2026-05-23,301,4646.23,55,3890.7,12,0,0,7152,32,0,0,8512,46,608.148998,1,538.78651,0,405.900852,2,610.8999,2,374.286539,1,320.209175,4,174.566517,1,192.23015,3,220.433909,1,153.512586,2,175.118402,1,137.0202,0,124.973969,0,94.915622,1,88.319228,0,99.908577,0,124.20718,0,131.380962,0,68.508732,0,65.294547,0,62.62,0
2026-05-24,284,6448.78,65,3598.5,26,0,0,7581,23,0,0,8746,59,684.512507,3,647.561873,0,538.579159,5,606.288322,0,265.082801,0,322.804012,0,177.547551,0,151.719417,0,199.429491,2,184.386828,0,203.600478,1,147.750479,1,148.260289,3,119.785249,0,134.083088,0,131.744616,0,92.116429,0,128.276187,0,60.18734,0,37.855565,0,43.62,0
2026-05-25,316,10256.68,64,3932.4,21,0,0,7139,22,0,0,7864,28,644.206805,0,532.431222,0,500.756272,2,594.71271,2,335.361723,1,322.265198,1,200.646093,2,176.272582,0,191.427823,0,174.074658,0,148.584082,0,131.568721,3,128.363036,3,93.359289,0,97.316438,1,144.668841,0,99.717636,0,120.644316,0,46.592687,0,38.196439,0,31.77,0
2026-05-26,272,7342.96,53,3870.3,31,0,0,7026,27,0,0,8397,34,698.750831,2,472.921647,0,512.399615,3,653.247201,0,339.047662,1,366.541649,1,205.364566,4,151.012578,0,279.690824,1,153.055781,1,142.332031,0,141.374117,1,127.447406,0,93.571983,0,117.60765,0,122.808493,0,103.45109,0,119.370423,0,45.815154,5,35.67,0,47.24,0
2026-05-27,252,8440.29,60,3825.6,18,0,0,7309,33,0,0,9150,35,758.563621,3,534.184355,0,487.114424,2,643.246506,2,467.672714,6,376.194613,0,211.588916,0,202.763602,0,220.048593,0,195.01268,0,164.215103,1,151.253034,0,124.153952,0,103.835996,0,154.93975,0,123.690076,0,125.839353,0,120.190258,1,44.342959,0,54.570342,0,36.33,0
2026-05-28,271,8423.13,59,3851.4,14,0,0,7206,20,0,0,6853,33,655.409037,1,510.207939,0,473.056931,1,634.645366,3,356.691093,1,335.957792,0,199.953156,0,174.952245,2,219.932944,0,175.696964,1,162.372747,2,160.699068,0,108.424293,0,97.73987,0,118.264283,0,139.008611,0,105.637303,0,133.241017,1,50.140113,0,42.665822,0,41.47,0
2026-05-29,289,7648.81,66,3732.3,17,0,0,7637,63,0,0,6062,34,689.409973,0,508.657562,7,435.910242,2,616.245949,0,342.569568,0,370.197642,1,213.424309,1,175.664459,0,169.244503,1,191.507447,0,141.328162,2,125.811872,0,112.616085,0,84.578219,0,108.37358,0,89.573761,0,106.460899,1,113.096962,0,40.03923,0,68.718312,0,65.88,0
2026-05-30,273,3907.46,42,3519.6,15,0,0,7765,32,0,0,5509,29,688.193821,2,453.664791,2,480.871802,2,610.777947,1,337.386313,0,311.688315,1,199.443233,0,204.176354,0,205.491538,1,172.292679,0,178.290064,0,134.698203,0,128.027793,0,83.920715,0,116.935673,0,103.651443,0,103.343961,0,136.58332,2,54.005426,0,51.471641,0,47.98,0
2026-05-31,284,5065.23,50,3338.4,21,0,0,8700,41,0,0,8497,30,637.426663,3,504.070961,3,482.78932,6,602.318105,0,353.629734,2,340.806402,0,183.81931,0,149.815026,0,183.209679,1,173.250764,0,122.444423,0,134.515965,2,112.054312,0,85.658526,0,109.765629,0,105.396541,1,95.935812,3,99.74104,0,42.887078,0,52.520166,0,43.02,0
2026-06-01,290,7475.73,54,3680.27,15,0,0,8904,41,0,0,7400,35,600.180606,3,457.50838,3,450.381759,1,524.898743,1,332.65113,11,299.728055,1,188.144765,0,179.908188,0,198.586338,1,158.403654,0,139.439778,0,107.708184,1,120.74978,0,78.941298,0,98.109754,0,89.737475,0,84.16806,1,123.728867,0,33.762904,0,57.496714,0,43.25,0
2026-06-02,255,6565.00,53,3606.38,15,0,0,8644,22,0,0,7077,29,802.653385,2,567.678338,4,454.97146,6,453.381828,2,511.189002,0,290.283903,0,220.072152,0,177.855271,0,175.547057,0,147.01825,0,172.570594,0,179.159304,1,119.032747,0,74.850785,0,154.51706,0,78.479592,0,128.925301,0,124.643969,0,65.943351,0,39.978504,0,51.55,0
2026-06-03,286,7532.85,64,4100.2,27,0,0,8060,27,0,0,7351,43,688.445825,0,699.289838,0,804.84656,1,401.63983,4,403.777532,1,245.48374,3,210.74152,0,183.325392,0,210.040955,1,155.260597,1,224.544173,1,150.639412,0,135.413489,0,156.909261,0,130.488117,0,146.19731,1,108.966334,0,151.18658,0,57.492041,2,55.666993,0,46.47,0
2026-06-04,247,8360.20,47,3395.43,15,0,0,8648,34,492,1,7074,23,736.167096,2,589.594303,3,586.083466,0,400.930199,3,434.720725,0,249.731827,2,204.554857,0,164.955035,0,216.123309,2,142.838745,0,188.943895,0,151.253329,1,119.835457,2,108.813267,2,133.845179,2,127.014735,3,115.111573,0,143.080917,0,51.241888,0,41.573224,0,41.57,0
2026-06-05,298,6664.22,67,4000.87,28,0,0,7680,44,1285,6,6931,21,729.327231,2,603.417668,3,600.056407,1,401.101248,2,439.679316,1,238.447866,0,223.929197,0,187.494584,0,231.514145,5,148.285093,1,188.565418,1,155.558677,2,141.60304,0,103.246886,1,104.54339,0,135.33219,0,116.695747,0,115.364302,0,58.434094,0,42.015468,0,50.01,0
2026-06-06,267,3687.00,54,3544.84,11,0,0,7622,24,1181,6,6878,39,721.555957,2,600.407656,1,613.804746,0,481.859502,2,447.361601,1,284.630192,3,220.708662,2,213.703232,1,226.502006,6,192.836247,0,195.45057,0,152.982224,0,134.037537,1,117.137854,0,179.976463,0,114.467625,0,118.490823,0,173.600095,0,56.863377,0,44.304596,0,68.37,0
2026-06-07,352,6021.79,100,5633.26,33,0,0,8488,38,1266,15,7917,42,755.321562,2,641.582314,3,586.495477,1,367.301957,0,450.621966,0,287.029496,3,179.349226,0,157.95047,0,221.339174,4,157.384555,1,152.85137,1,153.179358,2,112.062662,0,121.093851,0,123.925119,0,160.926025,0,113.339686,1,120.418929,0,59.448687,0,36.911875,0,50.45,0
2026-06-08,273,8907.84,60,4779.43,26,0,0,7859,38,1119,6,7280,52,668.440634,3,629.941287,4,542.452212,0,444.566282,1,460.369664,16,215.031454,2,166.343311,0,140.405066,1,210.604112,2,131.81493,0,141.694279,1,134.176374,0,91.682493,0,95.204096,0,134.908059,0,135.729622,0,95.582347,0,131.471392,2,50.202124,0,42.321987,0,45.48,0
2026-06-09,265,6338.65,62,6124.61,23,0,0,7430,27,1186,9,7582,36,677.251838,2,646.332656,1,674.883469,2,433.816106,0,460.820839,0,233.779119,0,160.93785,1,130.448779,0,238.250304,0,130.313866,1,146.562288,0,144.527927,0,186.388135,0,84.271537,0,134.306145,2,130.562308,0,110.158558,0,111.201931,1,50.734128,0,39.174356,0,31.00,0
2026-06-10,292,6421.10,68,7393.26,24,0,0,6447,42,1131,4,7211,28,747.630027,3,598.06432,0,562.226842,3,417.21484,2,448.26726,5,220.672387,0,141.165109,0,116.349537,0,274.129767,0,136.724142,0,122.02164,0,135.977031,0,129.844929,2,87.640046,1,133.051498,0,113.938005,2,101.585807,0,169.763374,0,54.915471,0,44.532255,0,26.55,0
2026-06-11,249,6620.53,51,4643.42,10,0,0,6503,28,1093,4,7708,25,759.944597,1,540.952117,1,641.169881,0,417.040647,0,493.938258,2,310.343424,0,141.33274,2,183.959752,0,242.745694,0,162.570657,0,135.755565,1,143.608657,2,135.458949,0,142.471901,0,125.990686,0,118.602907,0,91.627747,0,153.487486,0,52.352765,1,37.895731,0,32.86,3
2026-06-12,304,6587.92,67,4770.01,18,0,0,5912,19,1085,7,7415,41,879.708023,0,590.438545,1,638.741225,2,392.367933,1,661.770633,10,259.985022,7,124.223019,0,157.304717,0,250.129862,0,115.012686,0,169.86455,0,143.130629,0,90.050016,0,106.164151,0,134.022194,0,100.636827,0,131.491392,0,121.121766,1,54.71278,0,47.107946,0,34.93,0
2026-06-13,305,4785.40,59,6526.67,29,0,0,6859,22,1337,4,8344,35,828.504667,0,557.307861,8,761.611907,2,382.603175,0,561.578296,3,271.965403,2,149.180182,0,151.287058,1,273.666905,0,130.740554,1,159.522539,0,190.249128,1,99.907046,0,106.373349,0,151.221856,0,122.463028,0,150.463963,0,165.016594,0,51.896162,0,42.398111,0,47.43,0
2026-06-14,318,7320.69,58,6024.16,26,0,0,7280,42,1257,5,9315,39,940.458498,1,616.202432,5,648.907364,0,442.906497,0,547.221971,1,249.271677,0,190.207473,0,129.701288,0,248.410287,1,150.617252,0,131.056593,0,158.186643,0,146.127684,0,90.587728,1,91.249113,0,192.305999,0,124.559482,0,134.234847,0,56.907538,1,35.195699,0,65.17,0
2026-06-15,274,9046.67,72,4722.44,21,0,0,6691,38,1231,2,8869,39,660.090475,0,511.998158,0,614.016106,2,414.211047,6,511.256904,4,239.946591,4,138.068003,1,150.760917,0,218.16417,0,123.129823,0,166.133796,0,142.574409,0,138.206513,0,92.474488,1,143.466117,0,128.891078,0,91.774816,0,128.855717,0,52.958828,0,57.99,0,65.38,0
2026-06-16,270,5193.21,57,3565.83,14,0,0,6496,20,1310,10,8286,41,659.222417,3,524.582303,1,656.212317,5,436.436433,2,551.173045,1,238.324213,1,139.837432,2,148.944894,0,201.712005,0,134.847634,0,144.393381,0,139.245108,0,123.566286,0,91.96026,1,126.086249,0,127.36626,0,85.466278,0,126.782246,0,53.001185,1,33.282341,0,38.68,0
2026-06-17,265,6360.47,64,4216.87,22,0,0,6346,30,963,1,8235,53,698.377382,2,532.189309,1,661.350709,0,416.634043,4,558.835396,0,256.766669,0,122.448505,0,137.764202,1,273.25542,1,118.002847,0,144.766149,4,143.120424,1,111.923573,0,142.06139,0,143.966286,0,121.27886,0,84.903277,0,135.744476,0,46.067109,0,38.38307,0,46.70,0
2026-06-18,289,6091.53,62,3328.62,12,0,0,6260,34,1272,3,8477,41,692.969939,7,508.666575,0,598.17242,0,376.32254,1,485.572505,2,225.979574,0,116.392862,0,132.203058,0,220.787992,0,119.751787,0,126.477414,0,128.773589,0,114.338956,0,93.989317,0,113.413813,1,116.283428,0,91.491236,0,121.831066,0,49.09,0,50.686828,0,32.61,1
2026-06-19,291,5871.27,58,3998.63,19,0,0,6381,43,1046,1,9202,44,752.506862,3,518.751018,2,627.671927,2,388.16021,1,521.686448,0,233.878179,0,151.49217,0,137.880787,0,229.316957,0,127.275362,0,137.33294,0,134.587881,0,119.842145,0,96.136186,1,122.999147,0,143.119579,0,106.141727,1,125.917163,0,48.402757,0,65.647082,0,60.13,0
2026-06-20,382,7101.03,67,4774.27,13,0,0,6929,42,1430,8,10081,58,827.421941,0,585.870878,2,670.290767,1,411.630352,3,563.798216,2,244.543893,0,155.10736,0,145.76406,0,241.08696,1,136.000405,0,144.76984,0,143.963539,1,125.024383,0,102.569598,0,129.07529,0,148.069557,0,115.21514,1,133.967064,0,62.172103,0,96.118456,0,57.72,0
2026-06-21,316,8911.80,80,4948.15,15,0,0,7291,36,1223,23,9226,45,999.399738,0,697.146105,1,777.558864,0,468.378643,4,691.803686,1,272.004645,0,198.793565,0,169.355317,0,226.396048,0,174.041114,0,175.346123,0,135.08272,2,148.885824,1,104.235626,0,109.69359,0,178.085704,0,133.673069,1,153.564396,0,46.313085,1,60.614483,0,68.19,0
2026-06-22,332,10154.94,65,4600.66,20,0,0,6909,29,1416,6,9629,71,606.731798,1,540.639217,0,612.870918,1,408.337177,4,495.535209,0,273.83397,1,127.441951,0,131.785915,0,180.935906,2,130.954187,0,134.082213,0,159.918509,2,123.797628,0,103.346533,0,109.912644,0,143.876794,0,111.837842,1,125.633364,0,60.42428,0,57.181927,0,46.05,0
2026-06-23,289,6247.71,61,3931.8,19,0,0,6394,31,1401,5,8580,33,587.031111,6,531.118638,0,529.779093,2,393.330225,2,481.760233,1,266.048863,0,134.869746,0,146.428751,1,156.927002,1,132.587665,0,129.107743,0,136.155943,1,125.884858,0,96.252682,0,129.359398,0,137.237413,1,99.636137,0,129.294977,0,52.71149,0,67.67,0,56.51,0
2026-06-24,245,7358.66,56,3381.91,13,0,0,6437,25,1547,5,8625,29,702.518245,0,506.520588,1,532.795463,1,366.09492,4,460.708316,0,255.279186,0,118.82912,0,120.601273,1,159.539429,0,117.974775,0,127.004262,0,135.118525,5,102.853559,0,121.680017,1,180.961246,0,125.43852,0,91.911016,0,131.074874,0,52.603024,0,46.269492,0,41.15,0
2026-06-25,303,8766.68,89,3983.9,28,0,0,6461,33,1424,9,9105,42,756.963838,3,577.837551,6,661.240659,1,469.471288,0,538.153483,1,210.2056,0,111.01749,5,171.850646,2,219.571964,0,121.471786,1,177.216524,0,173.997642,1,113.724629,0,100.463354,0,122.713999,0,110.731137,0,126.862077,0,145.909876,1,41.190716,0,37.44,0,26.62,0
2026-06-26,216,9025.32,50,2841,14,0,0,6965,21,1212,8,8351,27,825.591562,2,471.621423,0,573.881548,1,445.748182,0,515.929395,1,187.535582,0,178.853837,0,125.361974,0,253.004019,0,127.535083,1,133.617601,0,170.196487,2,120.411429,0,70.627393,0,124.504871,0,127.991929,0,113.922606,1,95.96,0,41.701923,0,25.49527,0,29.00,0
2026-06-27,293,5104.97,55,3605.3,27,0,0,7868,25,1461,2,9579,45,915.119018,2,463.12649,1,694.82693,4,557.896597,1,491.616396,2,283.984026,1,152.845977,1,139.825017,0,241.258036,0,177.400011,2,137.864257,0,206.774205,0,125.192548,1,116.792336,0,125.667107,0,118.324091,0,120.157171,1,131.876421,0,62.097178,0,41.298403,0,40.20,1
2026-06-28,326,5183.77,65,3506.32,11,0,0,8480,55,1431,11,9377,40,627.183794,4,414.304371,2,426.411912,3,504.156603,0,388.274421,0,168.123715,0,132.123957,0,108.70818,1,202.396374,1,118.852897,0,98.090095,0,182.702502,0,111.737727,0,94.355166,2,98.574084,0,123.022344,0,100.447531,0,114.00745,0,44.104381,0,47.879054,0,51.10,0
2026-06-29,296,8383.76,68,3993.87,14,0,0,9453,40,1551,11,8608,36,818.53145,2,451.532958,3,499.696905,1,472.271144,0,419.607589,0,181.456718,4,134.266927,0,124.574396,0,204.979091,0,121.339011,2,114.796217,0,176.681901,0,118.253632,0,98.79,0,118.393463,0,117.864807,0,106.443116,0,136.89,1,44.925002,0,40.04,0,31.38,0
2026-06-30,251,7925.87,62,3077.08,15,0,0,9123,36,2101,8,9230,38,747.073756,1,476.142955,3,499.726261,3,566.491462,4,419.897468,0,178.52331,0,177.522996,0,133.620271,0,206.130988,1,151.40183,0,111.050484,1,191.321607,0,106.522655,0,88.104076,0,110.672832,0,110.057863,0,118.243083,0,114.824636,1,46.561944,0,37.99,0,51.18,0
,36260,743968.24,6883,573335.78,2259,712122,3544,385207,1782,34451,180,729119,3988,76258.11429,256,71968.89922,213,65053.09585,209,56244.7881,195,53588.43327,226,35321.26222,118,26313.11329,71,20301.31768,53,20442.14011,108,17927.67341,59,16330.49996,73,15622.419,85,13664.35492,38,12349.78368,49,14318.06158,29,13915.29666,27,13559.29666,39,13187.43589,24,6231.021895,29,5508.319853,5,5395.54,7
,,,0.0093,83.2974,0.0039,315.2377,0.0050,108.6927,0.0046,19.3328,0.0052,4050.6611,0.0055,19.1219,0.0034,281.1285,0.0030,305.4136,0.0032,269.1138,0.0035,274.8125,0.0042,156.2888,0.0033,222.9925,0.0027,285.9341,0.0026,385.7008,0.0053,165.9970,0.0033,276.7881,0.0045,214.0057,0.0054,160.7571,0.0028,324.9943,0.0040,292.2053,0.0020,479.8378,0.0019,502.1962,0.0029,338.1394,0.0018,259.6259,0.0047,189.9421,0.0009,1079.1071,0.0013
,,,,,,,2853.306041,,,,,,,,,,,,,,,,,,,,,,,,,,,,,,,,,,,,,,,,,,,,,,,,